Size,Indices,AIC,BIC,CICOMP
1,Temp_C,3090.2675366924514,3101.6374172051433,3092.0574954823833
1,pH,3129.2065919321017,3140.5764724447936,3130.9965515053373
1,DOC_M,2818.7512363084184,2830.1211168211103,2820.5411964787145
1,DIC_mM,2923.161225490435,2934.5311060031268,2924.935358545722
1,Ca_uM,3099.0485569367065,3110.4184374493984,3100.8385170993756
1,Mg_uM,3113.4948371513105,3124.8647176640025,3115.284797215309
1,Na_uM,2865.402403470979,2876.772283983671,2867.192363483523
1,K_uM,3129.2923470378887,3140.6622275505806,3131.082306776338
1,SO4_uM,3125.460610815027,3136.830491327719,3127.250570031991
1,Cl_uM,2840.9931629370567,2852.3630434497486,2842.783122773476
2,"Temp_C,pH",3027.34966300828,3042.509503691869,3039.71830517626
2,"Temp_C,DOC_M",2595.9826678076424,2611.1425084912316,2608.352547422215
2,"Temp_C,DIC_mM",2645.67683946056,2660.8366801441493,2656.6652996577445
2,"Temp_C,Ca_uM",2776.6729403418485,2791.8327810254377,2788.918419336216
2,"Temp_C,Mg_uM",2688.0761098801977,2703.235950563787,2700.378916314245
2,"Temp_C,Na_uM",2771.563342339253,2786.723183022842,2783.897439857581
2,"Temp_C,K_uM",2954.387125835042,2969.546966518631,2966.7465283854644
2,"Temp_C,SO4_uM",3083.4204379571474,3098.5802786407367,3089.6110686069446
2,"Temp_C,Cl_uM",2795.9024720070715,2811.0623126906607,2808.271980115581
2,"pH,DOC_M",2192.5198738936347,2207.679714577224,2204.889741265532
2,"pH,DIC_mM",2790.197652976935,2805.357493660524,2802.5673082990643
2,"pH,Ca_uM",3057.661300384667,3072.821141068256,3069.543689243504
2,"pH,Mg_uM",3087.4597092729505,3102.6195499565397,3099.829534809382
2,"pH,Na_uM",2813.2121286160095,2828.3719692995987,2825.57815158259
2,"pH,K_uM",3131.14911284924,3146.308953532829,3143.5189105536406
2,"pH,SO4_uM",3127.4532290220436,3142.613069705633,3139.8231084260374
2,"pH,Cl_uM",2660.234524801975,2675.3943654855643,2672.596420034627
2,"DOC_M,DIC_mM",2820.716336226722,2835.876176910311,2833.086216736102
2,"DOC_M,Ca_uM",2734.7144233939753,2749.8742640775645,2747.084302334281
2,"DOC_M,Mg_uM",2678.2355030347276,2693.395343718317,2690.6053829312687
2,"DOC_M,Na_uM",2586.8785875478325,2602.0384282314217,2599.2484677095013
2,"DOC_M,K_uM",2773.259912128638,2788.419752812227,2785.629791679489
2,"DOC_M,SO4_uM",2818.8862844920327,2834.046125175622,2831.256162505442
2,"DOC_M,Cl_uM",2406.7404383828066,2421.900279066396,2419.110318681938
2,"DIC_mM,Ca_uM",2888.0037849308724,2903.1636256144616,2897.7251888628607
2,"DIC_mM,Mg_uM",2664.682178433071,2679.84201911666,2667.771031859093
2,"DIC_mM,Na_uM",2663.9243226753188,2679.084163358908,2675.9627177455477
2,"DIC_mM,K_uM",2791.4637786360263,2806.6236193196155,2803.489188138312
2,"DIC_mM,SO4_uM",2921.9575533112725,2937.1173939948617,2934.3272580500106
2,"DIC_mM,Cl_uM",2685.723351433087,2700.883192116676,2698.070101697461
2,"Ca_uM,Mg_uM",3094.702405546032,3109.862246229621,3107.072283345431
2,"Ca_uM,Na_uM",2440.5547462721825,2455.7145869557717,2452.9158286370084
2,"Ca_uM,K_uM",3017.076258546382,3032.2360992299714,3027.8064731821887
2,"Ca_uM,SO4_uM",3098.7202082611034,3113.8800489446926,3111.090088358098
2,"Ca_uM,Cl_uM",2540.906336751076,2556.0661774346654,2553.2761133932245
2,"Mg_uM,Na_uM",2675.7730758224707,2690.93291650606,2688.1421601320403
2,"Mg_uM,K_uM",3056.8248543049253,3071.9846949885145,3069.100266468468
2,"Mg_uM,SO4_uM",3114.3055475975784,3129.4653882811676,3126.6754275016165
2,"Mg_uM,Cl_uM",2718.3791339524605,2733.5389746360497,2730.7490137733234
2,"Na_uM,K_uM",2568.680937502015,2583.840778185604,2581.030852671559
2,"Na_uM,SO4_uM",2738.5749669322063,2753.7348076157955,2750.9356628357855
2,"Na_uM,Cl_uM",2830.1503848918414,2845.3102255754306,2842.5202583182872
2,"K_uM,SO4_uM",3126.896401104822,3142.056241788411,3139.2662183889597
2,"K_uM,Cl_uM",2786.855222907861,2802.01506359145,2799.2211268838987
2,"SO4_uM,Cl_uM",2743.2383567257107,2758.3981974093,2755.6082148551363
3,"Temp_C,pH,DOC_M",2143.680522136543,2162.630322991029,2172.420229657885
3,"Temp_C,pH,DIC_mM",2646.648211912993,2665.598012767479,2675.362881157795
3,"Temp_C,pH,Ca_uM",2778.6077841988454,2797.5575850533314,2807.3404743701585
3,"Temp_C,pH,Mg_uM",2686.810903294567,2705.7607041490533,2715.5501665901634
3,"Temp_C,pH,Na_uM",2773.0520170043364,2792.0018178588225,2801.790998043831
3,"Temp_C,pH,K_uM",2721.0576210528975,2740.0074219073836,2749.7664868671673
3,"Temp_C,pH,SO4_uM",3025.0482605053467,3043.9980613598327,3053.786154993048
3,"Temp_C,pH,Cl_uM",2657.8523707898266,2676.8021716443127,2686.5868425251606
3,"Temp_C,DOC_M,DIC_mM",2549.0496798295612,2567.9994806840473,2577.789440843831
3,"Temp_C,DOC_M,Ca_uM",2575.6472261506433,2594.5970270051293,2604.3869869700898
3,"Temp_C,DOC_M,Mg_uM",2576.273904901736,2595.223705756222,2605.0136657266676
3,"Temp_C,DOC_M,Na_uM",2576.1800321438322,2595.1298329983183,2604.9197931088092
3,"Temp_C,DOC_M,K_uM",2405.6940772146672,2424.6438780691533,2434.4338375227603
3,"Temp_C,DOC_M,SO4_uM",2597.977274315829,2616.927075170315,2626.7170339141703
3,"Temp_C,DOC_M,Cl_uM",2399.468583627688,2418.418384482174,2428.2083442165003
3,"Temp_C,DIC_mM,Ca_uM",2560.2485252942383,2579.1983261487244,2588.923972085125
3,"Temp_C,DIC_mM,Mg_uM",2647.664662792931,2666.614463647417,2661.655569925133
3,"Temp_C,DIC_mM,Na_uM",2642.639406849895,2661.589207704381,2657.580275777237
3,"Temp_C,DIC_mM,K_uM",2628.8254314103633,2647.7752322648494,2654.3555291320854
3,"Temp_C,DIC_mM,SO4_uM",2617.5073422812548,2636.457143135741,2643.74059504818
3,"Temp_C,DIC_mM,Cl_uM",2642.881511452028,2661.831312306514,2671.567988854281
3,"Temp_C,Ca_uM,Mg_uM",2658.2922781480625,2677.2420790025485,2686.265048686911
3,"Temp_C,Ca_uM,Na_uM",2407.043901494485,2425.993702348971,2435.145966721546
3,"Temp_C,Ca_uM,K_uM",2768.871278735259,2787.821079589745,2795.5359806708902
3,"Temp_C,Ca_uM,SO4_uM",2358.633642050928,2377.583442905414,2387.3733855607334
3,"Temp_C,Ca_uM,Cl_uM",2452.5661049004107,2471.5159057548967,2479.721342283341
3,"Temp_C,Mg_uM,Na_uM",2632.9735807296934,2651.9233815841794,2659.3796508001114
3,"Temp_C,Mg_uM,K_uM",2682.5991650003652,2701.5489658548513,2711.327575476562
3,"Temp_C,Mg_uM,SO4_uM",2689.787544157451,2708.737345011937,2718.3935695950904
3,"Temp_C,Mg_uM,Cl_uM",2643.509149217136,2662.458950071622,2672.246868150589
3,"Temp_C,Na_uM,K_uM",2545.8936269425253,2564.8434277970114,2574.1873328876945
3,"Temp_C,Na_uM,SO4_uM",2456.6551023750462,2475.6049032295323,2484.8167887677278
3,"Temp_C,Na_uM,Cl_uM",2727.059499639176,2746.009300493662,2755.7707158630433
3,"Temp_C,K_uM,SO4_uM",2950.4204311336066,2969.3702319880927,2976.7041431717075
3,"Temp_C,K_uM,Cl_uM",2788.816692654301,2807.766493508787,2816.631340701999
3,"Temp_C,SO4_uM,Cl_uM",2663.970264269321,2682.920065123807,2692.7042331234984
3,"pH,DOC_M,DIC_mM",2193.3977799824106,2212.3475808368967,2222.137531714209
3,"pH,DOC_M,Ca_uM",2159.7312952580596,2178.6810961125457,2188.47100591091
3,"pH,DOC_M,Mg_uM",2180.801707185975,2199.751508040461,2209.5414082133148
3,"pH,DOC_M,Na_uM",2187.586968884984,2206.53676973947,2216.3267137938483
3,"pH,DOC_M,K_uM",2161.735258861422,2180.685059715908,2190.474959881105
3,"pH,DOC_M,SO4_uM",2194.115535596504,2213.06533645099,2222.855279917628
3,"pH,DOC_M,Cl_uM",2192.5765793969504,2211.5263802514364,2221.3163276350583
3,"pH,DIC_mM,Ca_uM",2789.759364674334,2808.70916552882,2818.4978545620597
3,"pH,DIC_mM,Mg_uM",2665.9347210546853,2684.8845219091713,2694.595152003441
3,"pH,DIC_mM,Na_uM",2650.6270710472095,2669.5768719016955,2679.3612921358636
3,"pH,DIC_mM,K_uM",2708.1761092093802,2727.1259100638663,2736.893802649623
3,"pH,DIC_mM,SO4_uM",2767.879685636147,2786.829486490633,2796.618388691793
3,"pH,DIC_mM,Cl_uM",2661.5352908249233,2680.4850916794094,2690.2728782771433
3,"pH,Ca_uM,Mg_uM",3059.579689881665,3078.5294907361513,3088.2584038224577
3,"pH,Ca_uM,Na_uM",2207.716103467677,2226.665904322163,2236.4535121645604
3,"pH,Ca_uM,K_uM",2897.9537789966253,2916.9035798511113,2926.5929992296724
3,"pH,Ca_uM,SO4_uM",3024.273335452559,3043.223136307045,3053.0130345947996
3,"pH,Ca_uM,Cl_uM",2536.1179537412067,2555.067754595693,2564.852875636299
3,"pH,Mg_uM,Na_uM",2643.0017014234854,2661.9515022779715,2671.7412245067053
3,"pH,Mg_uM,K_uM",2852.6683647017853,2871.6181655562714,2881.4076425956073
3,"pH,Mg_uM,SO4_uM",3088.098141584058,3107.047942438544,3116.837115521972
3,"pH,Mg_uM,Cl_uM",2661.9528951283423,2680.9026959828284,2690.690006897393
3,"pH,Na_uM,K_uM",2570.448010014359,2589.3978108688452,2599.1867646241576
3,"pH,Na_uM,SO4_uM",2680.7864720641237,2699.7362729186098,2708.1855679293353
3,"pH,Na_uM,Cl_uM",2662.1297068311837,2681.07950768567,2690.853870203394
3,"pH,K_uM,SO4_uM",3128.7589556900593,3147.7087565445454,3157.4984309381025
3,"pH,K_uM,Cl_uM",2657.569378666171,2676.519179520657,2686.3054673492547
3,"pH,SO4_uM,Cl_uM",2508.6335624667186,2527.5833633212046,2537.324318883944
3,"DOC_M,DIC_mM,Ca_uM",2728.6862725454334,2747.6360733999195,2757.426033424971
3,"DOC_M,DIC_mM,Mg_uM",2538.812016778423,2557.7618176329092,2567.5517777909135
3,"DOC_M,DIC_mM,Na_uM",2586.620646454521,2605.5704473090072,2615.3604074671784
3,"DOC_M,DIC_mM,K_uM",2746.974928727814,2765.9247295823,2775.7146897488983
3,"DOC_M,DIC_mM,SO4_uM",2820.5795683011925,2839.5293691556785,2849.3193292408755
3,"DOC_M,DIC_mM,Cl_uM",2331.970668757165,2350.9204696116512,2360.710429650047
3,"DOC_M,Ca_uM,Mg_uM",2679.235341408714,2698.1851422632,2707.975100328682
3,"DOC_M,Ca_uM,Na_uM",2402.2853464736327,2421.2351473281187,2431.0251074170283
3,"DOC_M,Ca_uM,K_uM",2725.5077201615786,2744.4575210160647,2754.247472821952
3,"DOC_M,Ca_uM,SO4_uM",2701.0456839403078,2719.995484794794,2729.7854441152363
3,"DOC_M,Ca_uM,Cl_uM",2389.6054385651796,2408.5552394196657,2418.3451993799317
3,"DOC_M,Mg_uM,Na_uM",2588.6762514061024,2607.6260522605885,2617.416012430767
3,"DOC_M,Mg_uM,K_uM",2433.9840534179402,2452.9338542724263,2462.7238133642186
3,"DOC_M,Mg_uM,SO4_uM",2680.1866332448226,2699.1364340993086,2708.9263919496866
3,"DOC_M,Mg_uM,Cl_uM",2383.278590822149,2402.228391676635,2412.0183515789467
3,"DOC_M,Na_uM,K_uM",2493.486969554046,2512.436770408532,2522.22673049787
3,"DOC_M,Na_uM,SO4_uM",2519.0498268865153,2537.9996277410014,2547.789580957715
3,"DOC_M,Na_uM,Cl_uM",2400.7945323274494,2419.7443331819354,2429.534292695866
3,"DOC_M,K_uM,SO4_uM",2774.7021158965595,2793.6519167510455,2803.4418761719867
3,"DOC_M,K_uM,Cl_uM",2407.979304432193,2426.9291052866793,2436.719065174142
3,"DOC_M,SO4_uM,Cl_uM",2320.9077912900116,2339.8575921444976,2349.6475523153945
3,"DIC_mM,Ca_uM,Mg_uM",2372.4361860433496,2391.3859868978357,2401.0563277282367
3,"DIC_mM,Ca_uM,Na_uM",2385.4754247919177,2404.4252256464038,2414.0510910211538
3,"DIC_mM,Ca_uM,K_uM",2776.6326220719334,2795.5824229264194,2805.343713486159
3,"DIC_mM,Ca_uM,SO4_uM",2767.7356485014434,2786.6854493559294,2796.0927291102585
3,"DIC_mM,Ca_uM,Cl_uM",2512.3388104780965,2531.2886113325826,2541.0217857819675
3,"DIC_mM,Mg_uM,Na_uM",2662.3462858658804,2681.2960867203665,2691.0767031974524
3,"DIC_mM,Mg_uM,K_uM",2644.9558013550236,2663.9056022095097,2672.846114280555
3,"DIC_mM,Mg_uM,SO4_uM",2561.4841950937334,2580.4339959482195,2576.3570594360144
3,"DIC_mM,Mg_uM,Cl_uM",2663.808201498041,2682.758002352527,2692.432866951359
3,"DIC_mM,Na_uM,K_uM",2556.783941260913,2575.733742115399,2585.451908868777
3,"DIC_mM,Na_uM,SO4_uM",2512.2625445779677,2531.2123454324537,2536.883165691664
3,"DIC_mM,Na_uM,Cl_uM",2652.292885522113,2671.242686376599,2680.733800314578
3,"DIC_mM,K_uM,SO4_uM",2732.4619260732225,2751.4117269277085,2761.051218688858
3,"DIC_mM,K_uM,Cl_uM",2680.1211217733758,2699.070922627862,2708.3677776543054
3,"DIC_mM,SO4_uM,Cl_uM",2589.1913129987092,2608.1411138531953,2616.348256755433
3,"Ca_uM,Mg_uM,Na_uM",2356.3749902630852,2375.3247911175713,2385.092824576066
3,"Ca_uM,Mg_uM,K_uM",3013.4540679000515,3032.4038687545376,3040.6148357872457
3,"Ca_uM,Mg_uM,SO4_uM",3010.8179586908764,3029.7677595453624,3038.2700274358463
3,"Ca_uM,Mg_uM,Cl_uM",2423.1749122923393,2442.1247131468253,2451.9023185877413
3,"Ca_uM,Na_uM,K_uM",2427.9488283679743,2446.8986292224604,2456.4408150023482
3,"Ca_uM,Na_uM,SO4_uM",2418.820864131139,2437.770664985625,2447.55926952666
3,"Ca_uM,Na_uM,Cl_uM",2371.8289951456004,2390.7787960000865,2400.4650844363423
3,"Ca_uM,K_uM,SO4_uM",2990.9430694730927,3009.8928703275787,3018.784116218372
3,"Ca_uM,K_uM,Cl_uM",2341.3690331571765,2360.3188340116626,2370.054179748135
3,"Ca_uM,SO4_uM,Cl_uM",2534.6144378752147,2553.5642387297007,2563.347050048412
3,"Mg_uM,Na_uM,K_uM",2564.8243396171365,2583.7741404716226,2588.811125790845
3,"Mg_uM,Na_uM,SO4_uM",2508.7477621134403,2527.6975629679264,2537.4856766988505
3,"Mg_uM,Na_uM,Cl_uM",2649.015381640417,2667.9651824949033,2677.7537819352715
3,"Mg_uM,K_uM,SO4_uM",3044.982263031299,3063.9320638857853,3073.715154709547
3,"Mg_uM,K_uM,Cl_uM",2700.800565553381,2719.750366407867,2714.407334742824
3,"Mg_uM,SO4_uM,Cl_uM",2627.450733049367,2646.400533903853,2656.185101125918
3,"Na_uM,K_uM,SO4_uM",2368.939702660358,2387.889503514844,2397.6384858355154
3,"Na_uM,K_uM,Cl_uM",2559.2945689892913,2578.2443698437773,2587.9890262834087
3,"Na_uM,SO4_uM,Cl_uM",2697.946489704755,2716.896290559241,2726.685909916919
3,"K_uM,SO4_uM,Cl_uM",2712.5836753916738,2731.53347624616,2741.3202992640972
4,"Temp_C,pH,DOC_M,DIC_mM",2124.6190377961143,2147.3587988214977,2175.5186338039275
4,"Temp_C,pH,DOC_M,Ca_uM",2144.1052163888835,2166.844977414267,2195.0047693646015
4,"Temp_C,pH,DOC_M,Mg_uM",2107.3118806754674,2130.0516417008507,2158.2114670326605
4,"Temp_C,pH,DOC_M,Na_uM",2134.1090106683846,2156.848771693768,2185.0085430453237
4,"Temp_C,pH,DOC_M,K_uM",2137.6595455711144,2160.399306596498,2188.5591333233533
4,"Temp_C,pH,DOC_M,SO4_uM",2145.606269903768,2168.3460309291513,2196.5058028992794
4,"Temp_C,pH,DOC_M,Cl_uM",2143.4655321887376,2166.205293214121,2194.3650936579875
4,"Temp_C,pH,DIC_mM,Ca_uM",2546.1317992671675,2568.871560292551,2597.0311018110333
4,"Temp_C,pH,DIC_mM,Mg_uM",2648.6199973436846,2671.359758369068,2698.7872485415082
4,"Temp_C,pH,DIC_mM,Na_uM",2641.8802668237904,2664.6200278491738,2692.776444779105
4,"Temp_C,pH,DIC_mM,K_uM",2618.586199038249,2641.3259600636325,2668.09730482398
4,"Temp_C,pH,DIC_mM,SO4_uM",2615.570397810217,2638.3101588356003,2666.4614523941636
4,"Temp_C,pH,DIC_mM,Cl_uM",2641.6030053963714,2664.3427664217547,2692.4635410269807
4,"Temp_C,pH,Ca_uM,Mg_uM",2652.3599917256847,2675.099752751068,2703.253723661787
4,"Temp_C,pH,Ca_uM,Na_uM",2197.878261702969,2220.6180227283526,2248.7430381410945
4,"Temp_C,pH,Ca_uM,K_uM",2722.9810895469072,2745.7208505722906,2773.8795573855946
4,"Temp_C,pH,Ca_uM,SO4_uM",2215.1633900539537,2237.903151079337,2266.058266757178
4,"Temp_C,pH,Ca_uM,Cl_uM",2425.609903547015,2448.3496645723985,2476.5056257451593
4,"Temp_C,pH,Mg_uM,Na_uM",2618.1756137750695,2640.915374800453,2669.0685374664563
4,"Temp_C,pH,Mg_uM,K_uM",2682.5277826847373,2705.2675437101207,2733.4270317234354
4,"Temp_C,pH,Mg_uM,SO4_uM",2688.576971581957,2711.3167326073403,2739.473853762602
4,"Temp_C,pH,Mg_uM,Cl_uM",2629.805826682365,2652.5455877077484,2680.6780169414806
4,"Temp_C,pH,Na_uM,K_uM",2483.3722645470502,2506.1120255724336,2534.221555540957
4,"Temp_C,pH,Na_uM,SO4_uM",2222.7244640680565,2245.46422509344,2273.538553899395
4,"Temp_C,pH,Na_uM,Cl_uM",2647.661808247716,2670.4015692730995,2698.5525649613105
4,"Temp_C,pH,K_uM,SO4_uM",2625.4461350682873,2648.1858960936706,2676.3361879037498
4,"Temp_C,pH,K_uM,Cl_uM",2559.534265339894,2582.274026365277,2610.2418620163357
4,"Temp_C,pH,SO4_uM,Cl_uM",2510.487024149337,2533.22678517472,2561.3555034241654
4,"Temp_C,DOC_M,DIC_mM,Ca_uM",2523.7042285560947,2546.443989581478,2574.6038289323064
4,"Temp_C,DOC_M,DIC_mM,Mg_uM",2539.5979315828968,2562.33769260828,2590.4975332489817
4,"Temp_C,DOC_M,DIC_mM,Na_uM",2550.399798470577,2573.1395594959604,2601.2994001794746
4,"Temp_C,DOC_M,DIC_mM,K_uM",2406.087881939261,2428.8276429646444,2456.9874834413235
4,"Temp_C,DOC_M,DIC_mM,SO4_uM",2544.6075647878997,2567.347325813283,2595.507166435589
4,"Temp_C,DOC_M,DIC_mM,Cl_uM",2133.597770848784,2156.3375318741673,2184.4973725553577
4,"Temp_C,DOC_M,Ca_uM,Mg_uM",2567.52990503819,2590.2696660635734,2618.429506434887
4,"Temp_C,DOC_M,Ca_uM,Na_uM",2388.1466939153247,2410.886454940708,2439.0462952923317
4,"Temp_C,DOC_M,Ca_uM,K_uM",2363.570518972477,2386.3102799978606,2414.470120417265
4,"Temp_C,DOC_M,Ca_uM,SO4_uM",2325.5503807246723,2348.2901417500557,2376.4499816648026
4,"Temp_C,DOC_M,Ca_uM,Cl_uM",2321.728021986831,2344.4677830122146,2372.6276236949066
4,"Temp_C,DOC_M,Mg_uM,Na_uM",2562.371497840368,2585.1112588657516,2613.2710995476687
4,"Temp_C,DOC_M,Mg_uM,K_uM",2295.650265394728,2318.3900264201116,2346.5498669014055
4,"Temp_C,DOC_M,Mg_uM,SO4_uM",2578.0669671570586,2600.806728182442,2628.9665688636255
4,"Temp_C,DOC_M,Mg_uM,Cl_uM",2354.282632663461,2377.022393688844,2405.182234370867
4,"Temp_C,DOC_M,Na_uM,K_uM",2333.4346336085173,2356.1743946339006,2384.334235297868
4,"Temp_C,DOC_M,Na_uM,SO4_uM",2455.2276743537573,2477.9674353791406,2506.127275959755
4,"Temp_C,DOC_M,Na_uM,Cl_uM",2329.5963643177633,2352.3361253431467,2380.495965686253
4,"Temp_C,DOC_M,K_uM,SO4_uM",2350.28212088977,2373.0218819151532,2401.181722015122
4,"Temp_C,DOC_M,K_uM,Cl_uM",2331.2643410970895,2354.004102122473,2382.16392989499
4,"Temp_C,DOC_M,SO4_uM,Cl_uM",2322.5670359861833,2345.3067970115667,2373.466637693795
4,"Temp_C,DIC_mM,Ca_uM,Mg_uM",2028.1995044587593,2050.9392654841427,2078.5760454733477
4,"Temp_C,DIC_mM,Ca_uM,Na_uM",2387.075190514273,2409.8149515396562,2437.8030867306625
4,"Temp_C,DIC_mM,Ca_uM,K_uM",2561.5626293592295,2584.302390384613,2612.4424464990166
4,"Temp_C,DIC_mM,Ca_uM,SO4_uM",2239.3021098710783,2262.0418708964617,2290.1785584394
4,"Temp_C,DIC_mM,Ca_uM,Cl_uM",2454.5335408701126,2477.273301895496,2505.1053550538654
4,"Temp_C,DIC_mM,Mg_uM,Na_uM",2634.466503450639,2657.206264476022,2685.225158041298
4,"Temp_C,DIC_mM,Mg_uM,K_uM",2626.875211530638,2649.6149725560213,2673.569974594379
4,"Temp_C,DIC_mM,Mg_uM,SO4_uM",2348.6734006702163,2371.4131616955997,2392.320597859563
4,"Temp_C,DIC_mM,Mg_uM,Cl_uM",2641.8730951019443,2664.6128561273276,2691.358728732319
4,"Temp_C,DIC_mM,Na_uM,K_uM",2547.351227100338,2570.090988125721,2597.466722088013
4,"Temp_C,DIC_mM,Na_uM,SO4_uM",2457.2523288308093,2479.9920898561927,2502.698361559352
4,"Temp_C,DIC_mM,Na_uM,Cl_uM",2641.6246786892084,2664.3644397145918,2692.34621661188
4,"Temp_C,DIC_mM,K_uM,SO4_uM",2616.3281287408918,2639.067889766275,2666.3255180220035
4,"Temp_C,DIC_mM,K_uM,Cl_uM",2630.574296279064,2653.3140573044475,2669.0828553682463
4,"Temp_C,DIC_mM,SO4_uM,Cl_uM",2580.907106164419,2603.6468671898024,2628.3786164891626
4,"Temp_C,Ca_uM,Mg_uM,Na_uM",2333.937259760986,2356.677020786369,2384.0714819521977
4,"Temp_C,Ca_uM,Mg_uM,K_uM",2658.8273120723125,2681.567073097696,2709.509306138306
4,"Temp_C,Ca_uM,Mg_uM,SO4_uM",2140.149832858445,2162.889593883828,2191.0389359577466
4,"Temp_C,Ca_uM,Mg_uM,Cl_uM",2425.1126902766296,2447.852451302013,2475.162689002666
4,"Temp_C,Ca_uM,Na_uM,K_uM",2339.8768329982818,2362.616594023665,2390.713307695051
4,"Temp_C,Ca_uM,Na_uM,SO4_uM",2344.7288266794826,2367.468587704866,2395.6205863105665
4,"Temp_C,Ca_uM,Na_uM,Cl_uM",2339.1681598730506,2361.907920898434,2389.452595034628
4,"Temp_C,Ca_uM,K_uM,SO4_uM",2322.646276998158,2345.3860380235415,2373.5185913342066
4,"Temp_C,Ca_uM,K_uM,Cl_uM",2339.859506486529,2362.5992675119123,2390.743227284274
4,"Temp_C,Ca_uM,SO4_uM,Cl_uM",2321.892315796244,2344.6320768216274,2372.7878784530185
4,"Temp_C,Mg_uM,Na_uM,K_uM",2542.430262767161,2565.1700237925443,2576.6422197446695
4,"Temp_C,Mg_uM,Na_uM,SO4_uM",2442.4864032773685,2465.226164302752,2490.8320180947576
4,"Temp_C,Mg_uM,Na_uM,Cl_uM",2622.3959333023117,2645.135694327695,2672.885479821295
4,"Temp_C,Mg_uM,K_uM,SO4_uM",2681.2484588199777,2703.988219845361,2731.5751795089645
4,"Temp_C,Mg_uM,K_uM,Cl_uM",2645.3461302026553,2668.0858912280387,2692.7815658391632
4,"Temp_C,Mg_uM,SO4_uM,Cl_uM",2614.525443687926,2637.2652047133092,2645.394512835775
4,"Temp_C,Na_uM,K_uM,SO4_uM",2358.678191506406,2381.4179525317895,2409.217123744972
4,"Temp_C,Na_uM,K_uM,Cl_uM",2350.0337906843856,2372.773551709769,2400.9226120612007
4,"Temp_C,Na_uM,SO4_uM,Cl_uM",2368.753345935107,2391.4931069604904,2419.0290165721
4,"Temp_C,K_uM,SO4_uM,Cl_uM",2436.316454187778,2459.0562152131615,2485.2902446102867
4,"pH,DOC_M,DIC_mM,Ca_uM",2160.6295960914745,2183.369357116858,2211.5291687006797
4,"pH,DOC_M,DIC_mM,Mg_uM",2164.773201607572,2187.5129626329554,2215.672779885782
4,"pH,DOC_M,DIC_mM,Na_uM",2188.9864451800536,2211.726206205437,2239.8860292506074
4,"pH,DOC_M,DIC_mM,K_uM",2147.481474341904,2170.221235367287,2198.3810657287413
4,"pH,DOC_M,DIC_mM,SO4_uM",2194.505467489673,2217.245228515056,2245.4050584114984
4,"pH,DOC_M,DIC_mM,Cl_uM",2194.5589928139048,2217.298753839288,2245.458565608845
4,"pH,DOC_M,Ca_uM,Mg_uM",2160.9210419577034,2183.660802983087,2211.820555215412
4,"pH,DOC_M,Ca_uM,Na_uM",2115.0150606220827,2137.754821647466,2165.9146547682953
4,"pH,DOC_M,Ca_uM,K_uM",2160.2471688354476,2182.986929860831,2211.146726055679
4,"pH,DOC_M,Ca_uM,SO4_uM",2132.7749013683874,2155.514662393771,2183.674242274858
4,"pH,DOC_M,Ca_uM,Cl_uM",2147.3029024939005,2170.042663519284,2198.202462103768
4,"pH,DOC_M,Mg_uM,Na_uM",2182.4920234922506,2205.231784517634,2233.391596578823
4,"pH,DOC_M,Mg_uM,K_uM",2123.5445273036053,2146.2842883289886,2174.444080424539
4,"pH,DOC_M,Mg_uM,SO4_uM",2182.738977845823,2205.478738871206,2233.6385026819094
4,"pH,DOC_M,Mg_uM,Cl_uM",2182.5474902949372,2205.2872513203206,2233.4470405955217
4,"pH,DOC_M,Na_uM,K_uM",2155.1345853949124,2177.8743464202958,2206.0341584509815
4,"pH,DOC_M,Na_uM,SO4_uM",2186.900108122313,2209.6398691476966,2237.799701570748
4,"pH,DOC_M,Na_uM,Cl_uM",2173.8897438319323,2196.6295048573156,2224.789333008952
4,"pH,DOC_M,K_uM,SO4_uM",2162.4444192935302,2185.1841803189136,2213.343943759472
4,"pH,DOC_M,K_uM,Cl_uM",2161.511732020975,2184.2514930463585,2212.4113007166725
4,"pH,DOC_M,SO4_uM,Cl_uM",2190.1119860916206,2212.851747117004,2241.0115817999326
4,"pH,DIC_mM,Ca_uM,Mg_uM",2365.664832416953,2388.404593442336,2416.562629602531
4,"pH,DIC_mM,Ca_uM,Na_uM",2159.2401161125185,2181.979877137902,2209.9530289136605
4,"pH,DIC_mM,Ca_uM,K_uM",2445.079377984876,2467.8191390102593,2495.9765450005693
4,"pH,DIC_mM,Ca_uM,SO4_uM",2744.9729033834033,2767.7126644087866,2795.8707350539917
4,"pH,DIC_mM,Ca_uM,Cl_uM",2248.392094398146,2271.1318554235295,2299.1301594370975
4,"pH,DIC_mM,Mg_uM,Na_uM",2641.1822192985824,2663.9219803239657,2692.0802351039915
4,"pH,DIC_mM,Mg_uM,K_uM",2327.541642383255,2350.281403408638,2378.3963494160457
4,"pH,DIC_mM,Mg_uM,SO4_uM",2563.4228260422246,2586.162587067608,2614.212588530643
4,"pH,DIC_mM,Mg_uM,Cl_uM",2661.834908990626,2684.5746700160093,2712.3880663117984
4,"pH,DIC_mM,Na_uM,K_uM",2459.2704248253494,2482.010185850733,2510.124960995651
4,"pH,DIC_mM,Na_uM,SO4_uM",2497.438310158505,2520.1780711838883,2548.315494561031
4,"pH,DIC_mM,Na_uM,Cl_uM",2651.638020003146,2674.377781028529,2702.5364868551264
4,"pH,DIC_mM,K_uM,SO4_uM",2612.8711556014746,2635.610916626858,2663.7499056603283
4,"pH,DIC_mM,K_uM,Cl_uM",2644.752817861109,2667.4925788864925,2695.3817215640925
4,"pH,DIC_mM,SO4_uM,Cl_uM",2497.7389279225736,2520.478688947957,2548.6124420083
4,"pH,Ca_uM,Mg_uM,Na_uM",2185.393730125925,2208.133491151308,2236.292840564963
4,"pH,Ca_uM,Mg_uM,K_uM",2552.191949045608,2574.9317100709914,2603.03517075664
4,"pH,Ca_uM,Mg_uM,SO4_uM",2895.5700917742556,2918.309852799639,2946.353190803038
4,"pH,Ca_uM,Mg_uM,Cl_uM",2260.3379469662873,2283.0777079916706,2311.2327152135745
4,"pH,Ca_uM,Na_uM,K_uM",2206.31408404675,2229.0538450721333,2257.2122817881686
4,"pH,Ca_uM,Na_uM,SO4_uM",2197.215328998115,2219.9550900234985,2248.0696584315942
4,"pH,Ca_uM,Na_uM,Cl_uM",2168.4975052953255,2191.237266320709,2219.397106833909
4,"pH,Ca_uM,K_uM,SO4_uM",1197.900939272134,1220.6407002975177,1248.8004650075882
4,"pH,Ca_uM,K_uM,Cl_uM",2331.105183745142,2353.844944770525,2382.0044724186773
4,"pH,Ca_uM,SO4_uM,Cl_uM",2499.3151628743785,2522.054923899762,2550.195379703109
4,"pH,Mg_uM,Na_uM,K_uM",2336.0227136318263,2358.7624746572096,2386.915806594991
4,"pH,Mg_uM,Na_uM,SO4_uM",2460.0371373741154,2482.776898399499,2510.907326171463
4,"pH,Mg_uM,Na_uM,Cl_uM",2630.359519959342,2653.0992809847253,2681.258964552492
4,"pH,Mg_uM,K_uM,SO4_uM",2764.083835495552,2786.8235965209356,2814.979777448431
4,"pH,Mg_uM,K_uM,Cl_uM",2504.873974653773,2527.6137356791564,2555.770219546794
4,"pH,Mg_uM,SO4_uM,Cl_uM",2502.9280531200143,2525.6678141453976,2553.793414482813
4,"pH,Na_uM,K_uM,SO4_uM",2370.6472951469254,2393.387056172309,2421.499373665901
4,"pH,Na_uM,K_uM,Cl_uM",2230.652229453321,2253.3919904787044,2281.5508056129506
4,"pH,Na_uM,SO4_uM,Cl_uM",2493.9500014207165,2516.6897624461,2544.820206764055
4,"pH,K_uM,SO4_uM,Cl_uM",2509.198764737604,2531.9385257629874,2560.067079391853
4,"DOC_M,DIC_mM,Ca_uM,Mg_uM",2364.581387452093,2387.3211484774765,2415.480988856622
4,"DOC_M,DIC_mM,Ca_uM,Na_uM",2340.143078989918,2362.8828400153016,2391.0426753650468
4,"DOC_M,DIC_mM,Ca_uM,K_uM",2727.506853564249,2750.2466145896324,2778.406455270233
4,"DOC_M,DIC_mM,Ca_uM,SO4_uM",2631.6626396379193,2654.4024006633026,2682.562241131586
4,"DOC_M,DIC_mM,Ca_uM,Cl_uM",1973.2424203424735,1995.982181367857,2024.142019317678
4,"DOC_M,DIC_mM,Mg_uM,Na_uM",2508.999889844892,2531.7396508702755,2559.8994912976164
4,"DOC_M,DIC_mM,Mg_uM,K_uM",2042.2602477174717,2065.0000087428552,2093.1598473734066
4,"DOC_M,DIC_mM,Mg_uM,SO4_uM",2486.745238867964,2509.4849998933473,2537.64484056051
4,"DOC_M,DIC_mM,Mg_uM,Cl_uM",777.71661635727,800.4563773826535,828.6162170180698
4,"DOC_M,DIC_mM,Na_uM,K_uM",1487.0293297048008,1509.7690907301844,1537.9289290224804
4,"DOC_M,DIC_mM,Na_uM,SO4_uM",2494.894557392326,2517.6343184177094,2545.794159096615
4,"DOC_M,DIC_mM,Na_uM,Cl_uM",1944.5918058209097,1967.3315668462933,1995.4914069325914
4,"DOC_M,DIC_mM,K_uM,SO4_uM",2724.7656817719185,2747.505442797302,2775.6652834805327
4,"DOC_M,DIC_mM,K_uM,Cl_uM",1644.8939587038835,1667.6337197292671,1695.7935587833026
4,"DOC_M,DIC_mM,SO4_uM,Cl_uM",2255.0548824395,2277.7946434648834,2305.9544841092356
4,"DOC_M,Ca_uM,Mg_uM,Na_uM",2330.535980148934,2353.2757411743173,2381.4355817161795
4,"DOC_M,Ca_uM,Mg_uM,K_uM",2219.946442984495,2242.6862040098786,2270.8460437942304
4,"DOC_M,Ca_uM,Mg_uM,SO4_uM",2675.9804998419945,2698.720260867378,2726.8800845769333
4,"DOC_M,Ca_uM,Mg_uM,Cl_uM",2133.2420901026658,2155.981851128049,2184.1416914132237
4,"DOC_M,Ca_uM,Na_uM,K_uM",2402.9362439183105,2425.676004943694,2453.835845573824
4,"DOC_M,Ca_uM,Na_uM,SO4_uM",2396.230675684717,2418.9704367101003,2447.1302742569674
4,"DOC_M,Ca_uM,Na_uM,Cl_uM",2373.6803786785936,2396.420139703977,2424.5799802784904
4,"DOC_M,Ca_uM,K_uM,SO4_uM",2477.128906694169,2499.8686677195524,2528.0285067491195
4,"DOC_M,Ca_uM,K_uM,Cl_uM",2328.709718672657,2351.4494796980402,2379.6093203545347
4,"DOC_M,Ca_uM,SO4_uM,Cl_uM",2322.6243877462484,2345.364148771632,2373.523989125296
4,"DOC_M,Mg_uM,Na_uM,K_uM",1799.6710642127287,1822.4108252381122,1850.5706645359232
4,"DOC_M,Mg_uM,Na_uM,SO4_uM",2500.478524543602,2523.2182855689853,2551.3781262525717
4,"DOC_M,Mg_uM,Na_uM,Cl_uM",2122.6286169385953,2145.3683779639787,2173.5282185821534
4,"DOC_M,Mg_uM,K_uM,SO4_uM",2276.795423612261,2299.5351846376443,2327.69501557621
4,"DOC_M,Mg_uM,K_uM,Cl_uM",1913.230444878935,1935.9702059043186,1964.1300448964557
4,"DOC_M,Mg_uM,SO4_uM,Cl_uM",2298.626907767719,2321.3666687931022,2349.5265088277383
4,"DOC_M,Na_uM,K_uM,SO4_uM",2344.0288715003035,2366.768632525687,2394.928473176913
4,"DOC_M,Na_uM,K_uM,Cl_uM",2330.851381967296,2353.5911429926796,2381.750983674568
4,"DOC_M,Na_uM,SO4_uM,Cl_uM",2322.7559661602304,2345.4957271856138,2373.6555678683003
4,"DOC_M,K_uM,SO4_uM,Cl_uM",2322.501652504026,2345.2414135294093,2373.401254212816
4,"DIC_mM,Ca_uM,Mg_uM,Na_uM",2338.5073010591177,2361.247062084501,2388.0474197914573
4,"DIC_mM,Ca_uM,Mg_uM,K_uM",2352.17092112673,2374.910682152113,2403.0703760016595
4,"DIC_mM,Ca_uM,Mg_uM,SO4_uM",2004.9649605613174,2027.704721586701,2055.8641471140622
4,"DIC_mM,Ca_uM,Mg_uM,Cl_uM",2332.0038276091286,2354.743588634512,2382.8496113148753
4,"DIC_mM,Ca_uM,Na_uM,K_uM",1864.8647808048554,1887.604541830239,1909.8289706681453
4,"DIC_mM,Ca_uM,Na_uM,SO4_uM",2384.707464065795,2407.4472250911786,2435.556041491753
4,"DIC_mM,Ca_uM,Na_uM,Cl_uM",2160.1113322010547,2182.851093226438,2210.056952435434
4,"DIC_mM,Ca_uM,K_uM,SO4_uM",2723.1512682021958,2745.891029227579,2774.037804519728
4,"DIC_mM,Ca_uM,K_uM,Cl_uM",2309.016893420924,2331.7566544463075,2358.834653198413
4,"DIC_mM,Ca_uM,SO4_uM,Cl_uM",2502.972118374911,2525.7118794002945,2553.8689353509017
4,"DIC_mM,Mg_uM,Na_uM,K_uM",2534.0871858025994,2556.8269468279827,2584.984967477182
4,"DIC_mM,Mg_uM,Na_uM,SO4_uM",2510.660060010178,2533.399821035561,2560.1860792387656
4,"DIC_mM,Mg_uM,Na_uM,Cl_uM",2650.1663414028403,2672.9061024282237,2700.3501016716145
4,"DIC_mM,Mg_uM,K_uM,SO4_uM",2552.9223462074738,2575.662107232857,2600.560777626604
4,"DIC_mM,Mg_uM,K_uM,Cl_uM",2602.790128768129,2625.529889793512,2653.688990019379
4,"DIC_mM,Mg_uM,SO4_uM,Cl_uM",2554.5691237293595,2577.308884754743,2604.049506235305
4,"DIC_mM,Na_uM,K_uM,SO4_uM",2338.3979781047274,2361.1377391301107,2372.917623801382
4,"DIC_mM,Na_uM,K_uM,Cl_uM",2367.7092369212332,2390.4489979466166,2416.5412409863375
4,"DIC_mM,Na_uM,SO4_uM,Cl_uM",2495.1287681925664,2517.86852921795,2513.864916491813
4,"DIC_mM,K_uM,SO4_uM,Cl_uM",2559.007064764284,2581.7468257896676,2587.1786756301003
4,"Ca_uM,Mg_uM,Na_uM,K_uM",2065.1438945046343,2087.8836555300177,2115.278882821808
4,"Ca_uM,Mg_uM,Na_uM,SO4_uM",2275.893984032013,2298.6337450573965,2326.7935506001913
4,"Ca_uM,Mg_uM,Na_uM,Cl_uM",2214.308405670669,2237.0481666960522,2263.9944241535354
4,"Ca_uM,Mg_uM,K_uM,SO4_uM",2961.270693015029,2984.0104540404122,3012.135485059905
4,"Ca_uM,Mg_uM,K_uM,Cl_uM",2311.5475461141614,2334.2873071395447,2362.1947534427536
4,"Ca_uM,Mg_uM,SO4_uM,Cl_uM",1777.2028605772673,1799.942621602651,1828.101907119524
4,"Ca_uM,Na_uM,K_uM,SO4_uM",2351.8127578521917,2374.552518877575,2402.6989665213778
4,"Ca_uM,Na_uM,K_uM,Cl_uM",2339.388536250269,2362.1282972756526,2390.2467544225005
4,"Ca_uM,Na_uM,SO4_uM,Cl_uM",2345.422156937851,2368.1619179632344,2396.3195829513265
4,"Ca_uM,K_uM,SO4_uM,Cl_uM",2336.850044368329,2359.589805393712,2387.744893004675
4,"Mg_uM,Na_uM,K_uM,SO4_uM",2364.9172691662557,2387.657030191639,2414.7309272911616
4,"Mg_uM,Na_uM,K_uM,Cl_uM",2194.1097565551936,2216.849517580577,2244.0580186115567
4,"Mg_uM,Na_uM,SO4_uM,Cl_uM",2471.4287338365607,2494.168494861944,2522.288257644689
4,"Mg_uM,K_uM,SO4_uM,Cl_uM",2565.81086455487,2588.5506255802534,2615.9454942759626
4,"Na_uM,K_uM,SO4_uM,Cl_uM",2355.4359543686433,2378.1757153940266,2405.8462272172883
5,"Temp_C,pH,DOC_M,DIC_mM,Ca_uM",2126.4664004147844,2152.996121611065,2205.3157920689764
5,"Temp_C,pH,DOC_M,DIC_mM,Mg_uM",2107.496845645489,2134.0265668417696,2186.3462268186527
5,"Temp_C,pH,DOC_M,DIC_mM,Na_uM",2059.3827176466602,2085.9124388429414,2138.2320282333744
5,"Temp_C,pH,DOC_M,DIC_mM,K_uM",2124.8078608734377,2151.3375820697183,2203.657250417871
5,"Temp_C,pH,DOC_M,DIC_mM,SO4_uM",2124.0289668933133,2150.558688089594,2202.8783491162
5,"Temp_C,pH,DOC_M,DIC_mM,Cl_uM",1924.4135266183405,1950.9432478146214,2003.26261100182
5,"Temp_C,pH,DOC_M,Ca_uM,Mg_uM",2097.3820301519,2123.9117513481806,2176.231405728658
5,"Temp_C,pH,DOC_M,Ca_uM,Na_uM",2082.05355265649,2108.5832738527706,2160.902949194334
5,"Temp_C,pH,DOC_M,Ca_uM,K_uM",2089.068077683843,2115.5977988801237,2167.9173995346723
5,"Temp_C,pH,DOC_M,Ca_uM,SO4_uM",2126.3790421400363,2152.908763336317,2205.228438759486
5,"Temp_C,pH,DOC_M,Ca_uM,Cl_uM",2140.16937155905,2166.6990927553306,2219.01875718798
5,"Temp_C,pH,DOC_M,Mg_uM,Na_uM",2090.081171536794,2116.6108927330747,2168.930531859497
5,"Temp_C,pH,DOC_M,Mg_uM,K_uM",2100.603101383175,2127.1328225794555,2179.45244511162
5,"Temp_C,pH,DOC_M,Mg_uM,SO4_uM",2108.070194110134,2134.5999153064145,2186.9195750844992
5,"Temp_C,pH,DOC_M,Mg_uM,Cl_uM",2069.119622946924,2095.649344143205,2147.9690218503774
5,"Temp_C,pH,DOC_M,Na_uM,K_uM",2134.235533829007,2160.765255025288,2213.0849157337
5,"Temp_C,pH,DOC_M,Na_uM,SO4_uM",2051.2785579951214,2077.808279191402,2130.1279569069306
5,"Temp_C,pH,DOC_M,Na_uM,Cl_uM",2125.6393205390086,2152.1690417352893,2204.488672583205
5,"Temp_C,pH,DOC_M,K_uM,SO4_uM",2127.4862522167377,2154.0159734130184,2206.3356513360036
5,"Temp_C,pH,DOC_M,K_uM,Cl_uM",2137.555864045478,2164.0855852417585,2216.4052467109364
5,"Temp_C,pH,DOC_M,SO4_uM,Cl_uM",2142.5400433931122,2169.069764589393,2221.389429977093
5,"Temp_C,pH,DIC_mM,Ca_uM,Mg_uM",1993.054307599482,2019.5840287957626,2070.783444537057
5,"Temp_C,pH,DIC_mM,Ca_uM,Na_uM",1654.3078880680819,1680.8376092643625,1732.72294314528
5,"Temp_C,pH,DIC_mM,Ca_uM,K_uM",1456.940390445188,1483.470111641469,1535.7475586992055
5,"Temp_C,pH,DIC_mM,Ca_uM,SO4_uM",1106.0457019100577,1132.5754231063383,1184.6839919311312
5,"Temp_C,pH,DIC_mM,Ca_uM,Cl_uM",2244.7908644030963,2271.320585599377,2323.115470930375
5,"Temp_C,pH,DIC_mM,Mg_uM,Na_uM",2506.962195084422,2533.4919162807028,2585.810839865452
5,"Temp_C,pH,DIC_mM,Mg_uM,K_uM",2313.1415582121426,2339.6712794084233,2391.6511299341305
5,"Temp_C,pH,DIC_mM,Mg_uM,SO4_uM",2336.562502168753,2363.0922233650335,2414.6247858275183
5,"Temp_C,pH,DIC_mM,Mg_uM,Cl_uM",2615.5844683550663,2642.114189551347,2692.6779560003106
5,"Temp_C,pH,DIC_mM,Na_uM,K_uM",2062.300295026603,2088.830016222884,2135.952270438165
5,"Temp_C,pH,DIC_mM,Na_uM,SO4_uM",2020.4980132681592,2047.02773446444,2098.26640073168
5,"Temp_C,pH,DIC_mM,Na_uM,Cl_uM",2643.524725635263,2670.054446831544,2722.370432723836
5,"Temp_C,pH,DIC_mM,K_uM,SO4_uM",2570.962524200915,2597.492245397196,2649.8118444226125
5,"Temp_C,pH,DIC_mM,K_uM,Cl_uM",2464.8959449570125,2491.425666153293,2543.5811227137256
5,"Temp_C,pH,DIC_mM,SO4_uM,Cl_uM",2446.386297852999,2472.91601904928,2525.0490370925068
5,"Temp_C,pH,Ca_uM,Mg_uM,Na_uM",1671.9098304226434,1698.4395516189243,1750.4700107816911
5,"Temp_C,pH,Ca_uM,Mg_uM,K_uM",2164.948593223032,2191.4783144193125,2243.797733258815
5,"Temp_C,pH,Ca_uM,Mg_uM,SO4_uM",994.9248547049963,1021.454575901277,1073.7365396066343
5,"Temp_C,pH,Ca_uM,Mg_uM,Cl_uM",2078.1154550802476,2104.645176276528,2156.8941392193274
5,"Temp_C,pH,Ca_uM,Na_uM,K_uM",1295.9710362171581,1322.5007574134388,1374.8138053599332
5,"Temp_C,pH,Ca_uM,Na_uM,SO4_uM",2198.9695035650857,2225.4992247613663,2277.326018028832
5,"Temp_C,pH,Ca_uM,Na_uM,Cl_uM",1071.312132173142,1097.8418533694226,1150.1172299220402
5,"Temp_C,pH,Ca_uM,K_uM,SO4_uM",1180.370004028758,1206.8997252250388,1259.219255870641
5,"Temp_C,pH,Ca_uM,K_uM,Cl_uM",1634.6400758046072,1661.1697970008881,1713.4683113418423
5,"Temp_C,pH,Ca_uM,SO4_uM,Cl_uM",2030.0120025007932,2056.541723697074,2108.835189413149
5,"Temp_C,pH,Mg_uM,Na_uM,K_uM",2103.3924118413192,2129.9221330376,2182.055650596002
5,"Temp_C,pH,Mg_uM,Na_uM,SO4_uM",2031.7724573504097,2058.3021785466904,2110.057998225414
5,"Temp_C,pH,Mg_uM,Na_uM,Cl_uM",2605.1519555397795,2631.68167673606,2684.0012577769303
5,"Temp_C,pH,Mg_uM,K_uM,SO4_uM",2281.626930223115,2308.1566514193955,2360.4752046029594
5,"Temp_C,pH,Mg_uM,K_uM,Cl_uM",2351.262996482423,2377.792717678704,2430.0878395494346
5,"Temp_C,pH,Mg_uM,SO4_uM,Cl_uM",2386.205404538351,2412.7351257346318,2465.025059153401
5,"Temp_C,pH,Na_uM,K_uM,SO4_uM",2009.810598582322,2036.3403197786029,2088.591424908108
5,"Temp_C,pH,Na_uM,K_uM,Cl_uM",1792.6871113051043,1819.216832501385,1871.3625132989414
5,"Temp_C,pH,Na_uM,SO4_uM,Cl_uM",1687.3335595072551,1713.863280703536,1766.181454018155
5,"Temp_C,pH,K_uM,SO4_uM,Cl_uM",2422.258987466257,2448.788708662538,2500.9489475030555
5,"Temp_C,DOC_M,DIC_mM,Ca_uM,Mg_uM",2028.4479737125246,2054.9776949088055,2107.2973756393867
5,"Temp_C,DOC_M,DIC_mM,Ca_uM,Na_uM",2325.1874484601576,2351.7171696564383,2404.0368472716304
5,"Temp_C,DOC_M,DIC_mM,Ca_uM,K_uM",2246.1381212902343,2272.667842486515,2324.9875237094966
5,"Temp_C,DOC_M,DIC_mM,Ca_uM,SO4_uM",1602.1981372111134,1628.7278584073943,1681.0475374335922
5,"Temp_C,DOC_M,DIC_mM,Ca_uM,Cl_uM",1045.7189807823966,1072.2487019786772,1124.5683729314796
5,"Temp_C,DOC_M,DIC_mM,Mg_uM,Na_uM",2496.6673962191912,2523.197117415472,2575.516798546026
5,"Temp_C,DOC_M,DIC_mM,Mg_uM,K_uM",1990.3900452572018,2016.9197664534827,2069.2394437927487
5,"Temp_C,DOC_M,DIC_mM,Mg_uM,SO4_uM",2235.592004781299,2262.1217259775794,2314.441407314067
5,"Temp_C,DOC_M,DIC_mM,Mg_uM,Cl_uM",779.619096984359,806.1488181806398,858.4684984086854
5,"Temp_C,DOC_M,DIC_mM,Na_uM,K_uM",1200.5193313598288,1227.0490525561095,1279.3687286762479
5,"Temp_C,DOC_M,DIC_mM,Na_uM,SO4_uM",2454.234980133488,2480.7647013297687,2533.084382395549
5,"Temp_C,DOC_M,DIC_mM,Na_uM,Cl_uM",1619.531396672688,1646.0611178689687,1698.3807929772934
5,"Temp_C,DOC_M,DIC_mM,K_uM,SO4_uM",2106.3860689133685,2132.915790109649,2185.2354691448813
5,"Temp_C,DOC_M,DIC_mM,K_uM,Cl_uM",1500.131014223664,1526.6607354199446,1578.9804086890924
5,"Temp_C,DOC_M,DIC_mM,SO4_uM,Cl_uM",1181.17355948298,1207.7032806792608,1260.022924592542
5,"Temp_C,DOC_M,Ca_uM,Mg_uM,Na_uM",2250.4929553140914,2277.022676510372,2329.3423573624236
5,"Temp_C,DOC_M,Ca_uM,Mg_uM,K_uM",2124.57745761207,2151.1071788083505,2203.426859579092
5,"Temp_C,DOC_M,Ca_uM,Mg_uM,SO4_uM",1430.4803735402297,1457.0100947365104,1509.3297744337324
5,"Temp_C,DOC_M,Ca_uM,Mg_uM,Cl_uM",1500.4892191916047,1527.0189403878853,1579.338621732707
5,"Temp_C,DOC_M,Ca_uM,Na_uM,K_uM",2331.9382110937036,2358.467932289984,2410.7876136570117
5,"Temp_C,DOC_M,Ca_uM,Na_uM,SO4_uM",2321.383969807723,2347.913691004004,2400.2325140717126
5,"Temp_C,DOC_M,Ca_uM,Na_uM,Cl_uM",2323.0096249231733,2349.539346119454,2401.8590274860658
5,"Temp_C,DOC_M,Ca_uM,K_uM,SO4_uM",2324.2164482753715,2350.746169471652,2403.0658508057704
5,"Temp_C,DOC_M,Ca_uM,K_uM,Cl_uM",2323.657794900992,2350.1875160972727,2402.507197437797
5,"Temp_C,DOC_M,Ca_uM,SO4_uM,Cl_uM",2323.3365684236123,2349.866289619893,2402.1859709762857
5,"Temp_C,DOC_M,Mg_uM,Na_uM,K_uM",1751.396782351381,1777.926503547662,1830.2461837215847
5,"Temp_C,DOC_M,Mg_uM,Na_uM,SO4_uM",2437.621991929674,2464.1517131259548,2516.4713942672956
5,"Temp_C,DOC_M,Mg_uM,Na_uM,Cl_uM",1917.6700006332637,1944.1997218295446,1996.5194017823962
5,"Temp_C,DOC_M,Mg_uM,K_uM,SO4_uM",2027.2555707791985,2053.785291975479,2106.1049725558505
5,"Temp_C,DOC_M,Mg_uM,K_uM,Cl_uM",1814.118869117084,1840.6485903133648,1892.9682676744417
5,"Temp_C,DOC_M,Mg_uM,SO4_uM,Cl_uM",1597.7321776846854,1624.2618988809663,1676.5815802452125
5,"Temp_C,DOC_M,Na_uM,K_uM,SO4_uM",2333.2189261597714,2359.748647356052,2412.0683287219576
5,"Temp_C,DOC_M,Na_uM,K_uM,Cl_uM",2331.33400762921,2357.863728825491,2410.183410187007
5,"Temp_C,DOC_M,Na_uM,SO4_uM,Cl_uM",2324.071215058917,2350.6009362551977,2402.920617621965
5,"Temp_C,DOC_M,K_uM,SO4_uM,Cl_uM",2324.3501699244816,2350.8798911207623,2403.199572472552
5,"Temp_C,DIC_mM,Ca_uM,Mg_uM,Na_uM",2029.9533925785443,2056.483113774825,2108.5735975240977
5,"Temp_C,DIC_mM,Ca_uM,Mg_uM,K_uM",2006.3017019421593,2032.8314231384402,2050.419994395538
5,"Temp_C,DIC_mM,Ca_uM,Mg_uM,SO4_uM",1976.029516781021,2002.5592379773016,2054.878914760913
5,"Temp_C,DIC_mM,Ca_uM,Mg_uM,Cl_uM",1974.6711149677758,2001.2008361640565,2049.959378044286
5,"Temp_C,DIC_mM,Ca_uM,Na_uM,K_uM",1808.8169852492474,1835.346706445528,1869.5189885125897
5,"Temp_C,DIC_mM,Ca_uM,Na_uM,SO4_uM",2174.7687955983865,2201.298516794667,2213.5199014567884
5,"Temp_C,DIC_mM,Ca_uM,Na_uM,Cl_uM",1921.3029963011702,1947.832717497451,1996.7289379841025
5,"Temp_C,DIC_mM,Ca_uM,K_uM,SO4_uM",1109.8358318440823,1136.365553040363,1188.478549187161
5,"Temp_C,DIC_mM,Ca_uM,K_uM,Cl_uM",2053.6475887991246,2080.1773099954053,2128.593036763703
5,"Temp_C,DIC_mM,Ca_uM,SO4_uM,Cl_uM",1010.8918554126096,1037.4215766088905,1089.7370033893444
5,"Temp_C,DIC_mM,Mg_uM,Na_uM,K_uM",2245.2693174744554,2271.799038670736,2323.695877824257
5,"Temp_C,DIC_mM,Mg_uM,Na_uM,SO4_uM",2244.5236286882223,2271.053349884503,2306.644716684058
5,"Temp_C,DIC_mM,Mg_uM,Na_uM,Cl_uM",2554.138646547588,2580.6683677438687,2632.9771697427136
5,"Temp_C,DIC_mM,Mg_uM,K_uM,SO4_uM",2337.761941369423,2364.2916625657035,2413.7643652657116
5,"Temp_C,DIC_mM,Mg_uM,K_uM,Cl_uM",2603.630490513497,2630.1602117097777,2682.4798402996407
5,"Temp_C,DIC_mM,Mg_uM,SO4_uM,Cl_uM",2346.803737423809,2373.3334586200895,2424.7345620142246
5,"Temp_C,DIC_mM,Na_uM,K_uM,SO4_uM",2032.6073751549932,2059.137096351274,2096.592405828008
5,"Temp_C,DIC_mM,Na_uM,K_uM,Cl_uM",1390.3594007942243,1416.889121990505,1430.923060294869
5,"Temp_C,DIC_mM,Na_uM,SO4_uM,Cl_uM",2177.4671450007054,2203.996866196986,2249.776414656651
5,"Temp_C,DIC_mM,K_uM,SO4_uM,Cl_uM",2426.8710738345744,2453.400795030855,2503.8638809803183
5,"Temp_C,Ca_uM,Mg_uM,Na_uM,K_uM",1787.7914576211954,1814.3211788174763,1860.8544404429265
5,"Temp_C,Ca_uM,Mg_uM,Na_uM,SO4_uM",2029.1627812303693,2055.69250242665,2103.729347852694
5,"Temp_C,Ca_uM,Mg_uM,Na_uM,Cl_uM",1864.3568101571018,1890.8865313533825,1937.6509369875055
5,"Temp_C,Ca_uM,Mg_uM,K_uM,SO4_uM",1038.4012418992388,1064.9309630955195,1111.717581021763
5,"Temp_C,Ca_uM,Mg_uM,K_uM,Cl_uM",1965.431479895544,1991.961201091825,2043.3491035249783
5,"Temp_C,Ca_uM,Mg_uM,SO4_uM,Cl_uM",1332.122338896331,1358.652060092612,1404.162337583122
5,"Temp_C,Ca_uM,Na_uM,K_uM,SO4_uM",2324.3721388668905,2350.901860063171,2403.214557558906
5,"Temp_C,Ca_uM,Na_uM,K_uM,Cl_uM",2341.1259779055044,2367.655699101785,2419.9616026845133
5,"Temp_C,Ca_uM,Na_uM,SO4_uM,Cl_uM",2320.257794608991,2346.7875158052716,2399.106475401843
5,"Temp_C,Ca_uM,K_uM,SO4_uM,Cl_uM",2323.5780762215777,2350.1077974178584,2393.911021650242
5,"Temp_C,Mg_uM,Na_uM,K_uM,SO4_uM",2048.37190078787,2074.9016219841506,2119.9090927132256
5,"Temp_C,Mg_uM,Na_uM,K_uM,Cl_uM",1561.746190614173,1588.2759118104536,1639.0303094236533
5,"Temp_C,Mg_uM,Na_uM,SO4_uM,Cl_uM",2160.6808545004696,2187.2105756967503,2230.14022936124
5,"Temp_C,Mg_uM,K_uM,SO4_uM,Cl_uM",2413.3507127387634,2439.880433935044,2489.7217387242076
5,"Temp_C,Na_uM,K_uM,SO4_uM,Cl_uM",2351.01629628328,2377.5460174795608,2429.846809395382
5,"pH,DOC_M,DIC_mM,Ca_uM,Mg_uM",2162.512972076328,2189.0426932726086,2241.3623723816995
5,"pH,DOC_M,DIC_mM,Ca_uM,Na_uM",2084.129561119228,2110.659282315509,2162.9789574005526
5,"pH,DOC_M,DIC_mM,Ca_uM,K_uM",2147.4236636531878,2173.9533848494684,2226.2730631265163
5,"pH,DOC_M,DIC_mM,Ca_uM,SO4_uM",2052.9313375466677,2079.4610587429484,2131.7807053116867
5,"pH,DOC_M,DIC_mM,Ca_uM,Cl_uM",1975.2113660083232,2001.741087204604,2054.0607616900916
5,"pH,DOC_M,DIC_mM,Mg_uM,Na_uM",1771.297350520501,1797.8270717167816,1850.1466385492008
5,"pH,DOC_M,DIC_mM,Mg_uM,K_uM",2014.2855181236048,2040.8152393198857,2093.134671364921
5,"pH,DOC_M,DIC_mM,Mg_uM,SO4_uM",2152.2344283850816,2178.7641495813623,2231.083826744411
5,"pH,DOC_M,DIC_mM,Mg_uM,Cl_uM",636.7700913630738,663.2998125593546,715.6194421888742
5,"pH,DOC_M,DIC_mM,Na_uM,K_uM",1400.0881974420688,1426.6179186383497,1478.9375058675885
5,"pH,DOC_M,DIC_mM,Na_uM,SO4_uM",2188.9000479512174,2215.429769147498,2267.7494455344863
5,"pH,DOC_M,DIC_mM,Na_uM,Cl_uM",1533.9214925182705,1560.4512137145512,1612.7708785714224
5,"pH,DOC_M,DIC_mM,K_uM,SO4_uM",2121.2605145339544,2147.790235730235,2200.1099093135604
5,"pH,DOC_M,DIC_mM,K_uM,Cl_uM",1052.2140270649606,1078.7437482612413,1131.0627647130625
5,"pH,DOC_M,DIC_mM,SO4_uM,Cl_uM",2191.5996802262234,2218.129401422504,2270.4490746759247
5,"pH,DOC_M,Ca_uM,Mg_uM,Na_uM",2107.901749902522,2134.431471098803,2186.7511471872963
5,"pH,DOC_M,Ca_uM,Mg_uM,K_uM",2110.2141889992595,2136.74391019554,2189.0635795150124
5,"pH,DOC_M,Ca_uM,Mg_uM,SO4_uM",1879.775134240077,1906.3048554363577,1958.624405536012
5,"pH,DOC_M,Ca_uM,Mg_uM,Cl_uM",2104.913858835823,2131.4435800321035,2183.763242515074
5,"pH,DOC_M,Ca_uM,Na_uM,K_uM",2116.4541072433317,2142.9838284396124,2195.3034977632806
5,"pH,DOC_M,Ca_uM,Na_uM,SO4_uM",2093.549297439384,2120.079018635665,2172.398692499092
5,"pH,DOC_M,Ca_uM,Na_uM,Cl_uM",2109.190748363299,2135.7204695595797,2188.040130886632
5,"pH,DOC_M,Ca_uM,K_uM,SO4_uM",816.4361456617751,842.9658668580558,895.2855364103336
5,"pH,DOC_M,Ca_uM,K_uM,Cl_uM",2146.6753140196133,2173.205035215894,2225.524702986515
5,"pH,DOC_M,Ca_uM,SO4_uM,Cl_uM",2134.5296952140834,2161.059416410364,2213.3790520359817
5,"pH,DOC_M,Mg_uM,Na_uM,K_uM",1644.9078631291281,1671.4375843254088,1723.7572089154196
5,"pH,DOC_M,Mg_uM,Na_uM,SO4_uM",2184.402464859425,2210.9321860557056,2263.2518606514295
5,"pH,DOC_M,Mg_uM,Na_uM,Cl_uM",2098.147192019711,2124.6769132159916,2176.994924018473
5,"pH,DOC_M,Mg_uM,K_uM,SO4_uM",2069.2114470504202,2095.741168246701,2148.0608036682975
5,"pH,DOC_M,Mg_uM,K_uM,Cl_uM",1693.403962570603,1719.9336837668839,1772.2533580070267
5,"pH,DOC_M,Mg_uM,SO4_uM,Cl_uM",2183.7630235329193,2210.2927447292,2262.612411952933
5,"pH,DOC_M,Na_uM,K_uM,SO4_uM",2154.1516739074036,2180.6813951036843,2233.001070225948
5,"pH,DOC_M,Na_uM,K_uM,Cl_uM",2013.5743141548974,2040.104035351178,2092.4235932820757
5,"pH,DOC_M,Na_uM,SO4_uM,Cl_uM",2175.8897431603286,2202.4194643566093,2254.7391416855808
5,"pH,DOC_M,K_uM,SO4_uM,Cl_uM",2163.493407192821,2190.0231283891017,2242.3428012029335
5,"pH,DIC_mM,Ca_uM,Mg_uM,Na_uM",1862.7952980940552,1889.325019290336,1941.6356783327083
5,"pH,DIC_mM,Ca_uM,Mg_uM,K_uM",2249.4876821816742,2276.017403377955,2328.3358280802468
5,"pH,DIC_mM,Ca_uM,Mg_uM,SO4_uM",1494.1272497287111,1520.656970924992,1572.7814917222197
5,"pH,DIC_mM,Ca_uM,Mg_uM,Cl_uM",2241.6472436838617,2268.1769648801424,2320.0962777885493
5,"pH,DIC_mM,Ca_uM,Na_uM,K_uM",1841.0781861156179,1867.6079073118985,1919.1663973597101
5,"pH,DIC_mM,Ca_uM,Na_uM,SO4_uM",1287.8815429529511,1314.411264149232,1366.613429485867
5,"pH,DIC_mM,Ca_uM,Na_uM,Cl_uM",2159.1788808085576,2185.708602004838,2238.0180054125913
5,"pH,DIC_mM,Ca_uM,K_uM,SO4_uM",1176.2677593117085,1202.7974805079893,1255.1152548905266
5,"pH,DIC_mM,Ca_uM,K_uM,Cl_uM",2248.581148055498,2275.1108692517787,2327.389177654711
5,"pH,DIC_mM,Ca_uM,SO4_uM,Cl_uM",2158.7472576305627,2185.2769788268433,2236.671030444435
5,"pH,DIC_mM,Mg_uM,Na_uM,K_uM",2278.385752587852,2304.9154737841327,2356.3640170291023
5,"pH,DIC_mM,Mg_uM,Na_uM,SO4_uM",2217.920725389523,2244.4504465858035,2296.7686202549667
5,"pH,DIC_mM,Mg_uM,Na_uM,Cl_uM",2626.367368620529,2652.8970898168095,2705.2150261762395
5,"pH,DIC_mM,Mg_uM,K_uM,SO4_uM",2314.7734796076315,2341.303200803912,2393.60428092916
5,"pH,DIC_mM,Mg_uM,K_uM,Cl_uM",2329.3714939453484,2355.901215141629,2406.737527459729
5,"pH,DIC_mM,Mg_uM,SO4_uM,Cl_uM",2487.757208478834,2514.2869296751146,2565.585773665022
5,"pH,DIC_mM,Na_uM,K_uM,SO4_uM",2045.6812369194236,2072.210958115704,2121.0685496628394
5,"pH,DIC_mM,Na_uM,K_uM,Cl_uM",2229.560937071005,2256.0906582672856,2308.410324190057
5,"pH,DIC_mM,Na_uM,SO4_uM,Cl_uM",2495.365660503035,2521.8953816993157,2574.2135397713705
5,"pH,DIC_mM,K_uM,SO4_uM,Cl_uM",2452.04969366628,2478.5794148625605,2530.843210321367
5,"pH,Ca_uM,Mg_uM,Na_uM,K_uM",1935.3415123462353,1961.8712335425162,2014.1880061764607
5,"pH,Ca_uM,Mg_uM,Na_uM,SO4_uM",1244.5082842115785,1271.0380054078591,1323.2975049261286
5,"pH,Ca_uM,Mg_uM,Na_uM,Cl_uM",2129.986401615834,2156.5161228121146,2208.8357530561325
5,"pH,Ca_uM,Mg_uM,K_uM,SO4_uM",1157.490948933886,1184.0206701301668,1236.3401397452328
5,"pH,Ca_uM,Mg_uM,K_uM,Cl_uM",2204.5452550254504,2231.074976221731,2283.393636875454
5,"pH,Ca_uM,Mg_uM,SO4_uM,Cl_uM",1609.1521663683188,1635.6818875645995,1687.9921493246047
5,"pH,Ca_uM,Na_uM,K_uM,SO4_uM",1199.7338729791038,1226.2635941753847,1278.5818874497152
5,"pH,Ca_uM,Na_uM,K_uM,Cl_uM",1512.161380807364,1538.6911020036446,1590.9586637034577
5,"pH,Ca_uM,Na_uM,SO4_uM,Cl_uM",1349.4994413551499,1376.0291625514305,1428.325461089085
5,"pH,Ca_uM,K_uM,SO4_uM,Cl_uM",1199.3624537249696,1225.8921749212504,1278.2097772309385
5,"pH,Mg_uM,Na_uM,K_uM,SO4_uM",2084.9263799161586,2111.4561011124392,2163.761726932478
5,"pH,Mg_uM,Na_uM,K_uM,Cl_uM",2178.261544292573,2204.7912654888537,2257.109658171934
5,"pH,Mg_uM,Na_uM,SO4_uM,Cl_uM",2422.0181690609684,2448.547890257249,2500.867505428
5,"pH,Mg_uM,K_uM,SO4_uM,Cl_uM",2363.33982603578,2389.8695472320605,2442.1850881019936
5,"pH,Na_uM,K_uM,SO4_uM,Cl_uM",1577.1343089825323,1603.664030178813,1655.8664945009257
5,"DOC_M,DIC_mM,Ca_uM,Mg_uM,Na_uM",2330.3155687063145,2356.845289902595,2409.1649667389006
5,"DOC_M,DIC_mM,Ca_uM,Mg_uM,K_uM",2038.4598937233354,2064.989614919616,2117.309295921949
5,"DOC_M,DIC_mM,Ca_uM,Mg_uM,SO4_uM",1720.6934856276036,1747.2232068238845,1799.5428871227944
5,"DOC_M,DIC_mM,Ca_uM,Mg_uM,Cl_uM",747.1788687923179,773.7085899885986,826.028270582713
5,"DOC_M,DIC_mM,Ca_uM,Na_uM,K_uM",1177.5890828590273,1204.118804055308,1256.4384851873695
5,"DOC_M,DIC_mM,Ca_uM,Na_uM,SO4_uM",2277.5422861094585,2304.072007305739,2356.391681732819
5,"DOC_M,DIC_mM,Ca_uM,Na_uM,Cl_uM",1924.2076872032173,1950.7374083994982,2003.0570896938643
5,"DOC_M,DIC_mM,Ca_uM,K_uM,SO4_uM",2464.2163942771263,2490.746115473407,2543.0657962105515
5,"DOC_M,DIC_mM,Ca_uM,K_uM,Cl_uM",1646.706430884396,1673.2361520806767,1725.5558333184506
5,"DOC_M,DIC_mM,Ca_uM,SO4_uM,Cl_uM",805.6122665297696,832.1419877260504,884.4616506047685
5,"DOC_M,DIC_mM,Mg_uM,Na_uM,K_uM",1420.5495999954358,1447.0793211917166,1499.398926095683
5,"DOC_M,DIC_mM,Mg_uM,Na_uM,SO4_uM",2488.7341449902565,2515.263866186537,2567.5835475260824
5,"DOC_M,DIC_mM,Mg_uM,Na_uM,Cl_uM",746.4760973108814,773.0058185071622,825.3254913828088
5,"DOC_M,DIC_mM,Mg_uM,K_uM,SO4_uM",1999.034582419227,2025.564303615508,2077.8839834643086
5,"DOC_M,DIC_mM,Mg_uM,K_uM,Cl_uM",763.4551076767573,789.984828873038,842.3044958307793
5,"DOC_M,DIC_mM,Mg_uM,SO4_uM,Cl_uM",769.4192394566005,795.9489606528813,848.2686405260519
5,"DOC_M,DIC_mM,Na_uM,K_uM,SO4_uM",1111.1036349578987,1137.6333561541796,1189.95303691119
5,"DOC_M,DIC_mM,Na_uM,K_uM,Cl_uM",1309.5925467567986,1336.1222679530792,1388.441948691764
5,"DOC_M,DIC_mM,Na_uM,SO4_uM,Cl_uM",1885.9456191499985,1912.4753403462792,1964.7950214281495
5,"DOC_M,DIC_mM,K_uM,SO4_uM,Cl_uM",1601.6488373772947,1628.1785585735756,1680.4982377244014
5,"DOC_M,Ca_uM,Mg_uM,Na_uM,K_uM",1775.6692926828528,1802.1990138791334,1854.5186951498722
5,"DOC_M,Ca_uM,Mg_uM,Na_uM,SO4_uM",2083.2749975317884,2109.804718728069,2162.124399636443
5,"DOC_M,Ca_uM,Mg_uM,Na_uM,Cl_uM",2101.573941519318,2128.1036627155986,2180.423344080647
5,"DOC_M,Ca_uM,Mg_uM,K_uM,SO4_uM",2218.556906422461,2245.0866276187417,2297.406307780866
5,"DOC_M,Ca_uM,Mg_uM,K_uM,Cl_uM",1915.0056996484436,1941.5354208447243,1993.8551021046667
5,"DOC_M,Ca_uM,Mg_uM,SO4_uM,Cl_uM",1364.493827527852,1391.023548724133,1443.3432285010733
5,"DOC_M,Ca_uM,Na_uM,K_uM,SO4_uM",2337.8134493277007,2364.3431705239814,2416.6628518883485
5,"DOC_M,Ca_uM,Na_uM,K_uM,Cl_uM",2312.4483113192273,2338.978032515508,2391.2977138824667
5,"DOC_M,Ca_uM,Na_uM,SO4_uM,Cl_uM",2324.4340487188792,2350.96376991516,2403.2834512812055
5,"DOC_M,Ca_uM,K_uM,SO4_uM,Cl_uM",2324.112449823793,2350.642171020074,2402.961852375469
5,"DOC_M,Mg_uM,Na_uM,K_uM,SO4_uM",1800.1095933303466,1826.6393145266275,1878.9589951582345
5,"DOC_M,Mg_uM,Na_uM,K_uM,Cl_uM",1677.0045507531372,1703.5342719494179,1755.853952655681
5,"DOC_M,Mg_uM,Na_uM,SO4_uM,Cl_uM",2101.535683836493,2128.0654050327735,2180.385086323348
5,"DOC_M,Mg_uM,K_uM,SO4_uM,Cl_uM",1888.8461205229635,1915.3758417192444,1967.6955220180264
5,"DOC_M,Na_uM,K_uM,SO4_uM,Cl_uM",2320.861198204841,2347.3909194011217,2399.7106007682887
5,"DIC_mM,Ca_uM,Mg_uM,Na_uM,K_uM",1831.7762009240896,1858.3059221203703,1909.8537243098172
5,"DIC_mM,Ca_uM,Mg_uM,Na_uM,SO4_uM",1834.4578289946503,1860.987550190931,1884.9031752045441
5,"DIC_mM,Ca_uM,Mg_uM,Na_uM,Cl_uM",2059.5120734617667,2086.0417946580474,2138.3141456499425
5,"DIC_mM,Ca_uM,Mg_uM,K_uM,SO4_uM",1617.126271003681,1643.655992199962,1657.623087543839
5,"DIC_mM,Ca_uM,Mg_uM,K_uM,Cl_uM",2308.970339868451,2335.5000610647317,2387.4464256590204
5,"DIC_mM,Ca_uM,Mg_uM,SO4_uM,Cl_uM",1494.5090873830577,1521.0388085793384,1572.178391030785
5,"DIC_mM,Ca_uM,Na_uM,K_uM,SO4_uM",1745.929578514685,1772.4592997109658,1817.425523170816
5,"DIC_mM,Ca_uM,Na_uM,K_uM,Cl_uM",1752.0871494588466,1778.6168706551275,1803.5213472368605
5,"DIC_mM,Ca_uM,Na_uM,SO4_uM,Cl_uM",1738.4627927226509,1764.9925139189318,1816.0936104324417
5,"DIC_mM,Ca_uM,K_uM,SO4_uM,Cl_uM",1736.7228512989595,1763.2525724952402,1814.9838883071743
5,"DIC_mM,Mg_uM,Na_uM,K_uM,SO4_uM",2071.3969175947373,2097.926638791018,2149.8778098056946
5,"DIC_mM,Mg_uM,Na_uM,K_uM,Cl_uM",2082.0190271104852,2108.548748306766,2160.859683089183
5,"DIC_mM,Mg_uM,Na_uM,SO4_uM,Cl_uM",2340.6714543444496,2367.20117554073,2419.5171574644714
5,"DIC_mM,Mg_uM,K_uM,SO4_uM,Cl_uM",2554.766714112361,2581.296435308642,2633.6025140791626
5,"DIC_mM,Na_uM,K_uM,SO4_uM,Cl_uM",1767.4568201190518,1793.9865413153325,1806.0349290768997
5,"Ca_uM,Mg_uM,Na_uM,K_uM,SO4_uM",1550.9949624793032,1577.5246836755841,1628.7421061760615
5,"Ca_uM,Mg_uM,Na_uM,K_uM,Cl_uM",1641.9849003493366,1668.5146215456175,1719.8932121832563
5,"Ca_uM,Mg_uM,Na_uM,SO4_uM,Cl_uM",1514.7124772493598,1541.2421984456405,1593.5519094230194
5,"Ca_uM,Mg_uM,K_uM,SO4_uM,Cl_uM",1504.7187094868648,1531.2484306831457,1582.8020463489368
5,"Ca_uM,Na_uM,K_uM,SO4_uM,Cl_uM",2226.1629400058023,2252.692661202083,2305.0122386717317
5,"Mg_uM,Na_uM,K_uM,SO4_uM,Cl_uM",1684.4328677080912,1710.9625889043718,1762.445194015361
6,"Temp_C,pH,DOC_M,DIC_mM,Ca_uM,Mg_uM",1871.9024182731707,1902.2220996403487,1984.4915730435484
6,"Temp_C,pH,DOC_M,DIC_mM,Ca_uM,Na_uM",1045.0759609523564,1075.3956423195343,1157.6651245403627
6,"Temp_C,pH,DOC_M,DIC_mM,Ca_uM,K_uM",919.6211017861341,949.9407831533122,1032.2102649590606
6,"Temp_C,pH,DOC_M,DIC_mM,Ca_uM,SO4_uM",826.3618851980812,856.6815665652592,938.9510438309429
6,"Temp_C,pH,DOC_M,DIC_mM,Ca_uM,Cl_uM",1041.7538183747727,1072.0734997419506,1154.342981955199
6,"Temp_C,pH,DOC_M,DIC_mM,Mg_uM,Na_uM",1713.4323113391781,1743.751992706356,1826.0214453165197
6,"Temp_C,pH,DOC_M,DIC_mM,Mg_uM,K_uM",1980.078301098798,2010.397982465976,2092.6671278525796
6,"Temp_C,pH,DOC_M,DIC_mM,Mg_uM,SO4_uM",2021.6750289113174,2051.9947102784954,2134.2640710684004
6,"Temp_C,pH,DOC_M,DIC_mM,Mg_uM,Cl_uM",566.7608021789124,597.0804835460905,679.3496337555011
6,"Temp_C,pH,DOC_M,DIC_mM,Na_uM,K_uM",1071.366483581348,1101.6861649485259,1183.9556471701853
6,"Temp_C,pH,DOC_M,DIC_mM,Na_uM,SO4_uM",1288.9219432992397,1319.2416246664177,1401.5111034152276
6,"Temp_C,pH,DOC_M,DIC_mM,Na_uM,Cl_uM",1038.4732777803017,1068.7929591474797,1150.9455668445355
6,"Temp_C,pH,DOC_M,DIC_mM,K_uM,SO4_uM",2059.3112115130225,2089.6308928802005,2171.8785959168026
6,"Temp_C,pH,DOC_M,DIC_mM,K_uM,Cl_uM",1053.9701491312612,1084.2898304984392,1166.5592943060765
6,"Temp_C,pH,DOC_M,DIC_mM,SO4_uM,Cl_uM",1167.1151140977977,1197.4347954649757,1279.7042776652852
6,"Temp_C,pH,DOC_M,Ca_uM,Mg_uM,Na_uM",1358.8315550657967,1389.1512364329747,1471.4207185990633
6,"Temp_C,pH,DOC_M,Ca_uM,Mg_uM,K_uM",2066.394125810333,2096.713807177511,2178.9832316254715
6,"Temp_C,pH,DOC_M,Ca_uM,Mg_uM,SO4_uM",696.8883969594646,727.2080783266426,809.4775594805658
6,"Temp_C,pH,DOC_M,Ca_uM,Mg_uM,Cl_uM",1485.765921536189,1516.0856029033669,1598.3550830656739
6,"Temp_C,pH,DOC_M,Ca_uM,Na_uM,K_uM",1020.9438907408452,1051.2635721080233,1133.5330539291415
6,"Temp_C,pH,DOC_M,Ca_uM,Na_uM,SO4_uM",1878.2208151631687,1908.5404965303467,1990.8099708693117
6,"Temp_C,pH,DOC_M,Ca_uM,Na_uM,Cl_uM",1049.286260875466,1079.605942242644,1161.8754235859212
6,"Temp_C,pH,DOC_M,Ca_uM,K_uM,SO4_uM",248.10650155332382,278.42618292050184,360.6956507038552
6,"Temp_C,pH,DOC_M,Ca_uM,K_uM,Cl_uM",1004.0423052154166,1034.3619865825947,1116.6314687523773
6,"Temp_C,pH,DOC_M,Ca_uM,SO4_uM,Cl_uM",1971.7743021680199,2002.0939835351978,2084.3634493176787
6,"Temp_C,pH,DOC_M,Mg_uM,Na_uM,K_uM",1642.9562391359293,1673.2759205031073,1755.5453940165335
6,"Temp_C,pH,DOC_M,Mg_uM,Na_uM,SO4_uM",1498.944845089795,1529.264526456973,1611.5340077522267
6,"Temp_C,pH,DOC_M,Mg_uM,Na_uM,Cl_uM",1757.8984686324334,1788.2181499996113,1870.4476018588857
6,"Temp_C,pH,DOC_M,Mg_uM,K_uM,SO4_uM",1870.7405679381786,1901.0602493053566,1983.3295091020595
6,"Temp_C,pH,DOC_M,Mg_uM,K_uM,Cl_uM",1673.3878871809343,1703.7075685481122,1785.9770233638035
6,"Temp_C,pH,DOC_M,Mg_uM,SO4_uM,Cl_uM",1593.6009727934118,1623.9206541605897,1706.1901306163077
6,"Temp_C,pH,DOC_M,Na_uM,K_uM,SO4_uM",1401.9591213292167,1432.2788026963947,1514.5482814757404
6,"Temp_C,pH,DOC_M,Na_uM,K_uM,Cl_uM",1170.8214340758313,1201.1411154430093,1283.4105962630556
6,"Temp_C,pH,DOC_M,Na_uM,SO4_uM,Cl_uM",1374.384838259378,1404.704519626556,1486.9739950987603
6,"Temp_C,pH,DOC_M,K_uM,SO4_uM,Cl_uM",1434.3725805400263,1464.6922619072043,1546.961731946386
6,"Temp_C,pH,DIC_mM,Ca_uM,Mg_uM,Na_uM",1655.4173228423804,1685.7370042095583,1767.391445830679
6,"Temp_C,pH,DIC_mM,Ca_uM,Mg_uM,K_uM",1456.698693196404,1487.018374563582,1569.2784035172087
6,"Temp_C,pH,DIC_mM,Ca_uM,Mg_uM,SO4_uM",910.7949690723644,941.1146504395425,1023.041197191554
6,"Temp_C,pH,DIC_mM,Ca_uM,Mg_uM,Cl_uM",1966.6603333594503,1996.9800147266283,2076.286615045926
6,"Temp_C,pH,DIC_mM,Ca_uM,Na_uM,K_uM",994.6991513939275,1025.0188327611056,1107.2881802356076
6,"Temp_C,pH,DIC_mM,Ca_uM,Na_uM,SO4_uM",-1331.359736829958,-1301.04005546278,-1220.3799895806483
6,"Temp_C,pH,DIC_mM,Ca_uM,Na_uM,Cl_uM",1048.7266937622667,1079.0463751294446,1161.3123121987269
6,"Temp_C,pH,DIC_mM,Ca_uM,K_uM,SO4_uM",1107.0119496409282,1137.3316310081061,1219.5889737883736
6,"Temp_C,pH,DIC_mM,Ca_uM,K_uM,Cl_uM",972.030245758745,1002.349927125923,1084.6188511695434
6,"Temp_C,pH,DIC_mM,Ca_uM,SO4_uM,Cl_uM",234.88481494830262,265.20449631548064,347.3442887491252
6,"Temp_C,pH,DIC_mM,Mg_uM,Na_uM,K_uM",2062.920439644641,2093.240121011819,2175.4146434964227
6,"Temp_C,pH,DIC_mM,Mg_uM,Na_uM,SO4_uM",2020.1204394285382,2050.440120795716,2132.5645767049095
6,"Temp_C,pH,DIC_mM,Mg_uM,Na_uM,Cl_uM",2465.522785521675,2495.842466888853,2541.7985304083754
6,"Temp_C,pH,DIC_mM,Mg_uM,K_uM,SO4_uM",2280.447440405576,2310.767121772754,2393.025535613932
6,"Temp_C,pH,DIC_mM,Mg_uM,K_uM,Cl_uM",2304.1136941221594,2334.4333754893373,2410.403776261364
6,"Temp_C,pH,DIC_mM,Mg_uM,SO4_uM,Cl_uM",2312.9388090341927,2343.2584904013706,2421.1686581235494
6,"Temp_C,pH,DIC_mM,Na_uM,K_uM,SO4_uM",1999.207058942534,2029.526740309712,2111.7818757420905
6,"Temp_C,pH,DIC_mM,Na_uM,K_uM,Cl_uM",1104.604312959108,1134.923994326286,1217.1933449890842
6,"Temp_C,pH,DIC_mM,Na_uM,SO4_uM,Cl_uM",1455.7407782840596,1486.0604596512376,1568.3299394993942
6,"Temp_C,pH,DIC_mM,K_uM,SO4_uM,Cl_uM",2353.2309791234566,2383.5506604906345,2465.769765392355
6,"Temp_C,pH,Ca_uM,Mg_uM,Na_uM,K_uM",-1632.1097335685654,-1601.7900522013874,-1519.5394721896212
6,"Temp_C,pH,Ca_uM,Mg_uM,Na_uM,SO4_uM",950.8814200646274,981.2011014318055,1042.116551961737
6,"Temp_C,pH,Ca_uM,Mg_uM,Na_uM,Cl_uM",1072.7349930696141,1103.054674436792,1185.3228472576607
6,"Temp_C,pH,Ca_uM,Mg_uM,K_uM,SO4_uM",993.8854297136111,1024.205111080789,1106.471485377235
6,"Temp_C,pH,Ca_uM,Mg_uM,K_uM,Cl_uM",670.6028084647751,700.9224898319532,783.1827624937256
6,"Temp_C,pH,Ca_uM,Mg_uM,SO4_uM,Cl_uM",941.5120638761565,971.8317452433346,1054.0892601272035
6,"Temp_C,pH,Ca_uM,Na_uM,K_uM,SO4_uM",546.7173658288194,577.0370471959975,652.5235874211539
6,"Temp_C,pH,Ca_uM,Na_uM,K_uM,Cl_uM",1042.6847729321491,1073.004454299327,1155.220306048684
6,"Temp_C,pH,Ca_uM,Na_uM,SO4_uM,Cl_uM",1069.3821904324097,1099.7018717995877,1157.1149713872467
6,"Temp_C,pH,Ca_uM,K_uM,SO4_uM,Cl_uM",277.07909234837473,307.39877371555275,387.5872879384374
6,"Temp_C,pH,Mg_uM,Na_uM,K_uM,SO4_uM",1902.7502693837841,1933.069950750962,2015.3394326160824
6,"Temp_C,pH,Mg_uM,Na_uM,K_uM,Cl_uM",1515.3064766859677,1545.6261580531457,1627.8915976519033
6,"Temp_C,pH,Mg_uM,Na_uM,SO4_uM,Cl_uM",1160.7403855460614,1191.0600669132393,1273.327202576224
6,"Temp_C,pH,Mg_uM,K_uM,SO4_uM,Cl_uM",2278.6969197652234,2309.0166011324013,2391.2825736070195
6,"Temp_C,pH,Na_uM,K_uM,SO4_uM,Cl_uM",1337.1670368232458,1367.4867181904237,1445.7945758560754
6,"Temp_C,DOC_M,DIC_mM,Ca_uM,Mg_uM,Na_uM",2023.1002766658787,2053.419958033057,2135.6894397587544
6,"Temp_C,DOC_M,DIC_mM,Ca_uM,Mg_uM,K_uM",1917.8188474502895,1948.1385288174674,2030.4080109196998
6,"Temp_C,DOC_M,DIC_mM,Ca_uM,Mg_uM,SO4_uM",1431.4129339426306,1461.7326153098086,1544.0020813062124
6,"Temp_C,DOC_M,DIC_mM,Ca_uM,Mg_uM,Cl_uM",518.0361123325528,548.3557936997308,630.6252758971166
6,"Temp_C,DOC_M,DIC_mM,Ca_uM,Na_uM,K_uM",1066.1488503553985,1096.4685317225765,1178.7380139436812
6,"Temp_C,DOC_M,DIC_mM,Ca_uM,Na_uM,SO4_uM",1424.4464818922497,1454.7661632594277,1537.0356429454419
6,"Temp_C,DOC_M,DIC_mM,Ca_uM,Na_uM,Cl_uM",1041.863859015591,1072.183540382769,1154.453022603893
6,"Temp_C,DOC_M,DIC_mM,Ca_uM,K_uM,SO4_uM",919.8842626336727,950.2039440008508,1032.4734257947855
6,"Temp_C,DOC_M,DIC_mM,Ca_uM,K_uM,Cl_uM",1041.1039534563918,1071.4236348235697,1153.6931170407915
6,"Temp_C,DOC_M,DIC_mM,Ca_uM,SO4_uM,Cl_uM",690.9692349751186,721.2889163422967,803.5583970690001
6,"Temp_C,DOC_M,DIC_mM,Mg_uM,Na_uM,K_uM",471.75752077492723,502.07720214210525,584.34667724641
6,"Temp_C,DOC_M,DIC_mM,Mg_uM,Na_uM,SO4_uM",2230.092008842284,2260.411690209462,2342.681172431026
6,"Temp_C,DOC_M,DIC_mM,Mg_uM,Na_uM,Cl_uM",719.4395790853224,749.7592604525005,832.0287262306266
6,"Temp_C,DOC_M,DIC_mM,Mg_uM,K_uM,SO4_uM",1991.3793244122976,2021.6990057794756,2103.968472209558
6,"Temp_C,DOC_M,DIC_mM,Mg_uM,K_uM,Cl_uM",762.1342461214023,792.4539274885803,874.7233817424084
6,"Temp_C,DOC_M,DIC_mM,Mg_uM,SO4_uM,Cl_uM",617.5365959391527,647.8562773063308,730.1257591688767
6,"Temp_C,DOC_M,DIC_mM,Na_uM,K_uM,SO4_uM",1113.0370749046472,1143.3567562718251,1225.6262384646097
6,"Temp_C,DOC_M,DIC_mM,Na_uM,K_uM,Cl_uM",1080.1758893505923,1110.4955707177703,1192.7650529393973
6,"Temp_C,DOC_M,DIC_mM,Na_uM,SO4_uM,Cl_uM",1174.2323410717372,1204.5520224389152,1286.8215045390607
6,"Temp_C,DOC_M,DIC_mM,K_uM,SO4_uM,Cl_uM",1176.8616710307404,1207.1813523979183,1289.4508341689113
6,"Temp_C,DOC_M,Ca_uM,Mg_uM,Na_uM,K_uM",1516.7446141493608,1547.0642955165388,1629.3337777376744
6,"Temp_C,DOC_M,Ca_uM,Mg_uM,Na_uM,SO4_uM",-157.31456382889328,-126.99488246171526,-44.72540029706474
6,"Temp_C,DOC_M,Ca_uM,Mg_uM,Na_uM,Cl_uM",1498.5931674187402,1528.9128487859182,1611.1823310074299
6,"Temp_C,DOC_M,Ca_uM,Mg_uM,K_uM,SO4_uM",863.911858154999,894.2315395221771,976.501021729734
6,"Temp_C,DOC_M,Ca_uM,Mg_uM,K_uM,Cl_uM",1499.7270345099696,1530.0467158771476,1612.3161980988082
6,"Temp_C,DOC_M,Ca_uM,Mg_uM,SO4_uM,Cl_uM",1327.209672375124,1357.529353742302,1439.798835759191
6,"Temp_C,DOC_M,Ca_uM,Na_uM,K_uM,SO4_uM",2322.928684111217,2353.248365478395,2435.5178476492765
6,"Temp_C,DOC_M,Ca_uM,Na_uM,K_uM,Cl_uM",506.9464225440239,537.266103911202,619.5355823153977
6,"Temp_C,DOC_M,Ca_uM,Na_uM,SO4_uM,Cl_uM",2322.2576460381683,2352.5773274053463,2434.8468096254473
6,"Temp_C,DOC_M,Ca_uM,K_uM,SO4_uM,Cl_uM",2325.285019396424,2355.604700763602,2437.8741829623323
6,"Temp_C,DOC_M,Mg_uM,Na_uM,K_uM,SO4_uM",1585.329850027701,1615.649531394879,1697.9190136143902
6,"Temp_C,DOC_M,Mg_uM,Na_uM,K_uM,Cl_uM",1558.5559014458906,1588.8755828130686,1671.1450650347167
6,"Temp_C,DOC_M,Mg_uM,Na_uM,SO4_uM,Cl_uM",1598.8464442559496,1629.1661256231275,1711.4356078446292
6,"Temp_C,DOC_M,Mg_uM,K_uM,SO4_uM,Cl_uM",1598.2823482885701,1628.602029655748,1710.8715118709654
6,"Temp_C,DOC_M,Na_uM,K_uM,SO4_uM,Cl_uM",1883.7205208615262,1914.0402022287042,1996.3096844503648
6,"Temp_C,DIC_mM,Ca_uM,Mg_uM,Na_uM,K_uM",1786.922533539741,1817.242214906919,1896.5537108512542
6,"Temp_C,DIC_mM,Ca_uM,Mg_uM,Na_uM,SO4_uM",1795.5329889436175,1825.8526703107955,1890.0279155771314
6,"Temp_C,DIC_mM,Ca_uM,Mg_uM,Na_uM,Cl_uM",1861.7667251447224,1892.0864065119003,1967.3959392617728
6,"Temp_C,DIC_mM,Ca_uM,Mg_uM,K_uM,SO4_uM",804.1330561797374,834.4527375469155,916.6918849047094
6,"Temp_C,DIC_mM,Ca_uM,Mg_uM,K_uM,Cl_uM",1919.1749796753306,1949.4946610425086,2029.4816584302625
6,"Temp_C,DIC_mM,Ca_uM,Mg_uM,SO4_uM,Cl_uM",1006.5223449623082,1036.8420263294863,1119.1114997753043
6,"Temp_C,DIC_mM,Ca_uM,Na_uM,K_uM,SO4_uM",125.03757792594803,155.35725929312605,235.62626002020863
6,"Temp_C,DIC_mM,Ca_uM,Na_uM,K_uM,Cl_uM",1130.6006841191816,1160.9203654863595,1243.1820174809602
6,"Temp_C,DIC_mM,Ca_uM,Na_uM,SO4_uM,Cl_uM",551.7393193397492,582.0590007069272,652.005841778415
6,"Temp_C,DIC_mM,Ca_uM,K_uM,SO4_uM,Cl_uM",409.805142178207,440.124823545385,480.377688248604
6,"Temp_C,DIC_mM,Mg_uM,Na_uM,K_uM,SO4_uM",2034.5965465316253,2064.9162278988033,2146.8293659056344
6,"Temp_C,DIC_mM,Mg_uM,Na_uM,K_uM,Cl_uM",1389.0322179909638,1419.3518993581417,1496.41237507598
6,"Temp_C,DIC_mM,Mg_uM,Na_uM,SO4_uM,Cl_uM",2160.1976816081574,2190.5173629753353,2269.9454168679836
6,"Temp_C,DIC_mM,Mg_uM,K_uM,SO4_uM,Cl_uM",2315.138883575345,2345.458564942523,2424.03033136573
6,"Temp_C,DIC_mM,Na_uM,K_uM,SO4_uM,Cl_uM",956.3490678033766,986.6687491705546,1066.7726114956033
6,"Temp_C,Ca_uM,Mg_uM,Na_uM,K_uM,SO4_uM",1038.400586097087,1068.720267464265,1150.9131889516475
6,"Temp_C,Ca_uM,Mg_uM,Na_uM,K_uM,Cl_uM",1563.7402106087138,1594.0598919758918,1676.3293331064754
6,"Temp_C,Ca_uM,Mg_uM,Na_uM,SO4_uM,Cl_uM",911.060506960287,941.380188327465,1023.3844982136677
6,"Temp_C,Ca_uM,Mg_uM,K_uM,SO4_uM,Cl_uM",1024.7983793236322,1055.1180606908104,1124.614061088394
6,"Temp_C,Ca_uM,Na_uM,K_uM,SO4_uM,Cl_uM",2205.4425774271904,2235.7622587943683,2318.0300684947956
6,"Temp_C,Mg_uM,Na_uM,K_uM,SO4_uM,Cl_uM",1550.7795315459161,1581.099212913094,1663.350543585044
6,"pH,DOC_M,DIC_mM,Ca_uM,Mg_uM,Na_uM",1131.766380494023,1162.086061861201,1244.3555431250086
6,"pH,DOC_M,DIC_mM,Ca_uM,Mg_uM,K_uM",2004.0394123670108,2034.3590937341887,2116.62838516246
6,"pH,DOC_M,DIC_mM,Ca_uM,Mg_uM,SO4_uM",1486.7811658207893,1517.1008471879672,1599.3703265980814
6,"pH,DOC_M,DIC_mM,Ca_uM,Mg_uM,Cl_uM",263.42448745430306,293.7441688214811,376.0135791239873
6,"pH,DOC_M,DIC_mM,Ca_uM,Na_uM,K_uM",1063.7824108081534,1094.1020921753313,1176.3715743902112
6,"pH,DOC_M,DIC_mM,Ca_uM,Na_uM,SO4_uM",685.5794913895088,715.8991727566869,798.1686549713959
6,"pH,DOC_M,DIC_mM,Ca_uM,Na_uM,Cl_uM",1035.122482285222,1065.4421636524,1147.7108579786072
6,"pH,DOC_M,DIC_mM,Ca_uM,K_uM,SO4_uM",155.35299490116182,185.67267626833984,267.9421531505395
6,"pH,DOC_M,DIC_mM,Ca_uM,K_uM,Cl_uM",1054.0817372776567,1084.4014186448346,1166.6709006646004
6,"pH,DOC_M,DIC_mM,Ca_uM,SO4_uM,Cl_uM",788.7320731290808,819.0517544962589,901.3212365042413
6,"pH,DOC_M,DIC_mM,Mg_uM,Na_uM,K_uM",1396.3281454380312,1426.6478268052092,1508.9134271727585
6,"pH,DOC_M,DIC_mM,Mg_uM,Na_uM,SO4_uM",1425.5589035381997,1455.8785849053777,1538.1479081661737
6,"pH,DOC_M,DIC_mM,Mg_uM,Na_uM,Cl_uM",-152.29902130627667,-121.97933993909865,-39.7139832299294
6,"pH,DOC_M,DIC_mM,Mg_uM,K_uM,SO4_uM",1970.8190991507063,2001.1387805178842,2083.4079911124945
6,"pH,DOC_M,DIC_mM,Mg_uM,K_uM,Cl_uM",148.77704666741042,179.09672803458844,261.3662083915191
6,"pH,DOC_M,DIC_mM,Mg_uM,SO4_uM,Cl_uM",382.01557502856485,412.3352563957429,494.6047168139896
6,"pH,DOC_M,DIC_mM,Na_uM,K_uM,SO4_uM",1112.3428482269119,1142.6625295940898,1224.9320118150522
6,"pH,DOC_M,DIC_mM,Na_uM,K_uM,Cl_uM",1054.1806069420568,1084.5002883092347,1166.7689821840686
6,"pH,DOC_M,DIC_mM,Na_uM,SO4_uM,Cl_uM",965.7959063646055,996.1155877317835,1078.3840130744047
6,"pH,DOC_M,DIC_mM,K_uM,SO4_uM,Cl_uM",1052.541268056476,1082.860949423654,1165.13042219291
6,"pH,DOC_M,Ca_uM,Mg_uM,Na_uM,K_uM",1618.5673371276737,1648.8870184948516,1731.156498249227
6,"pH,DOC_M,Ca_uM,Mg_uM,Na_uM,SO4_uM",1149.8575989647713,1180.1772803319493,1262.446762225625
6,"pH,DOC_M,Ca_uM,Mg_uM,Na_uM,Cl_uM",2100.133972325886,2130.453653693064,2212.72313099001
6,"pH,DOC_M,Ca_uM,Mg_uM,K_uM,SO4_uM",507.2299463950679,537.5496277622459,619.8191071012784
6,"pH,DOC_M,Ca_uM,Mg_uM,K_uM,Cl_uM",1692.890782148285,1723.210463515463,1805.4798755024299
6,"pH,DOC_M,Ca_uM,Mg_uM,SO4_uM,Cl_uM",1258.4145520094874,1288.7342333766653,1371.003715199333
6,"pH,DOC_M,Ca_uM,Na_uM,K_uM,SO4_uM",-134.67726719278983,-104.3575858256118,-22.08811390602473
6,"pH,DOC_M,Ca_uM,Na_uM,K_uM,Cl_uM",1089.704803830475,1120.024485197653,1202.2939662708573
6,"pH,DOC_M,Ca_uM,Na_uM,SO4_uM,Cl_uM",468.87481975015294,499.19450111733096,581.4639804959826
6,"pH,DOC_M,Ca_uM,K_uM,SO4_uM,Cl_uM",-41.45421406250681,-11.13453269532878,71.13494370843914
6,"pH,DOC_M,Mg_uM,Na_uM,K_uM,SO4_uM",1637.6302044515871,1667.949885818765,1750.219364914854
6,"pH,DOC_M,Mg_uM,Na_uM,K_uM,Cl_uM",1646.772583261261,1677.092264628439,1759.3511949415065
6,"pH,DOC_M,Mg_uM,Na_uM,SO4_uM,Cl_uM",1893.9304317929036,1924.2501131600816,2006.5081217616023
6,"pH,DOC_M,Mg_uM,K_uM,SO4_uM,Cl_uM",1680.753074342322,1711.0727557095,1793.342217890233
6,"pH,DOC_M,Na_uM,K_uM,SO4_uM,Cl_uM",1281.8184899211383,1312.1381712883162,1394.4076511424068
6,"pH,DIC_mM,Ca_uM,Mg_uM,Na_uM,K_uM",1826.0571920104217,1856.3768733775996,1938.4814376250163
6,"pH,DIC_mM,Ca_uM,Mg_uM,Na_uM,SO4_uM",1226.6195211555566,1256.9392025227346,1310.1924004119262
6,"pH,DIC_mM,Ca_uM,Mg_uM,Na_uM,Cl_uM",1514.278866895679,1544.5985482628569,1624.7883143909526
6,"pH,DIC_mM,Ca_uM,Mg_uM,K_uM,SO4_uM",1097.3197981641065,1127.6394795312845,1209.9059112213235
6,"pH,DIC_mM,Ca_uM,Mg_uM,K_uM,Cl_uM",2198.2521415943775,2228.5718229615554,2310.5603218234305
6,"pH,DIC_mM,Ca_uM,Mg_uM,SO4_uM,Cl_uM",1464.0390926350997,1494.3587740022776,1576.458699213948
6,"pH,DIC_mM,Ca_uM,Na_uM,K_uM,SO4_uM",116.93216660577625,147.25184797295427,229.49510177388345
6,"pH,DIC_mM,Ca_uM,Na_uM,K_uM,Cl_uM",1078.0264921228006,1108.3461734899786,1190.615571002395
6,"pH,DIC_mM,Ca_uM,Na_uM,SO4_uM,Cl_uM",609.4209634535397,639.7406448207178,721.9939198677203
6,"pH,DIC_mM,Ca_uM,K_uM,SO4_uM,Cl_uM",-513.8209090823208,-483.50122771514276,-401.27587125078196
6,"pH,DIC_mM,Mg_uM,Na_uM,K_uM,SO4_uM",2047.6377405578166,2077.957421924995,2160.1245224437794
6,"pH,DIC_mM,Mg_uM,Na_uM,K_uM,Cl_uM",2083.7063363737557,2114.0260177409336,2196.2954330935663
6,"pH,DIC_mM,Mg_uM,Na_uM,SO4_uM,Cl_uM",2008.913696012236,2039.233377379414,2114.4962247045955
6,"pH,DIC_mM,Mg_uM,K_uM,SO4_uM,Cl_uM",2305.271740094296,2335.591421461474,2411.184129643934
6,"pH,DIC_mM,Na_uM,K_uM,SO4_uM,Cl_uM",1213.2026401239884,1243.5223214911664,1325.7917781223132
6,"pH,Ca_uM,Mg_uM,Na_uM,K_uM,SO4_uM",782.2243689669855,812.5440503341636,894.8111384085096
6,"pH,Ca_uM,Mg_uM,Na_uM,K_uM,Cl_uM",1356.9853522427252,1387.3050336099031,1469.573506695477
6,"pH,Ca_uM,Mg_uM,Na_uM,SO4_uM,Cl_uM",1006.104754409282,1036.42443577646,1118.692266855709
6,"pH,Ca_uM,Mg_uM,K_uM,SO4_uM,Cl_uM",686.4234472923706,716.7431286595487,799.0113517960737
6,"pH,Ca_uM,Na_uM,K_uM,SO4_uM,Cl_uM",1123.477282838509,1153.796964205687,1234.563884766722
6,"pH,Mg_uM,Na_uM,K_uM,SO4_uM,Cl_uM",1447.4118081961815,1477.7314895633594,1559.9996474095626
6,"DOC_M,DIC_mM,Ca_uM,Mg_uM,Na_uM,K_uM",1147.6219207986458,1177.9416021658237,1260.211083741915
6,"DOC_M,DIC_mM,Ca_uM,Mg_uM,Na_uM,SO4_uM",1704.0449851791284,1734.3646665463064,1816.6341482458745
6,"DOC_M,DIC_mM,Ca_uM,Mg_uM,Na_uM,Cl_uM",408.10586883971996,438.425550206898,520.6950315743131
6,"DOC_M,DIC_mM,Ca_uM,Mg_uM,K_uM,SO4_uM",1618.3667097191333,1648.6863910863112,1730.955873307931
6,"DOC_M,DIC_mM,Ca_uM,Mg_uM,K_uM,Cl_uM",638.7669681948237,669.0866495620018,751.3561125731884
6,"DOC_M,DIC_mM,Ca_uM,Mg_uM,SO4_uM,Cl_uM",200.05853124441518,230.3782126115932,312.6476937317515
6,"DOC_M,DIC_mM,Ca_uM,Na_uM,K_uM,SO4_uM",1102.8981090028713,1133.2177903700492,1215.487272579238
6,"DOC_M,DIC_mM,Ca_uM,Na_uM,K_uM,Cl_uM",1062.4745523163629,1092.7942336835408,1175.0637159044588
6,"DOC_M,DIC_mM,Ca_uM,Na_uM,SO4_uM,Cl_uM",793.52480789476,823.8444892619381,906.1139714824878
6,"DOC_M,DIC_mM,Ca_uM,K_uM,SO4_uM,Cl_uM",802.4116497484321,832.7313311156101,915.0008132078083
6,"DOC_M,DIC_mM,Mg_uM,Na_uM,K_uM,SO4_uM",1059.8079908499244,1090.1276722171024,1172.3971533471693
6,"DOC_M,DIC_mM,Mg_uM,Na_uM,K_uM,Cl_uM",726.5936723036442,756.9133536708223,839.1828330536227
6,"DOC_M,DIC_mM,Mg_uM,Na_uM,SO4_uM,Cl_uM",555.5166738588971,585.8363552260752,668.1058367804244
6,"DOC_M,DIC_mM,Mg_uM,K_uM,SO4_uM,Cl_uM",707.6485798888258,737.9682612560039,820.2377174392886
6,"DOC_M,DIC_mM,Na_uM,K_uM,SO4_uM,Cl_uM",1112.9783529137305,1143.2980342809085,1225.5675164995464
6,"DOC_M,Ca_uM,Mg_uM,Na_uM,K_uM,SO4_uM",1411.8941948219829,1442.2138761891608,1524.483358410784
6,"DOC_M,Ca_uM,Mg_uM,Na_uM,K_uM,Cl_uM",1533.3061845652205,1563.6258659323985,1645.8953481539986
6,"DOC_M,Ca_uM,Mg_uM,Na_uM,SO4_uM,Cl_uM",1301.4119992520846,1331.7316806192625,1414.0011628386367
6,"DOC_M,Ca_uM,Mg_uM,K_uM,SO4_uM,Cl_uM",1325.2563137557233,1355.5759951229013,1437.8454773434323
6,"DOC_M,Ca_uM,Na_uM,K_uM,SO4_uM,Cl_uM",2149.461581371251,2179.781262738429,2262.0507440976644
6,"DOC_M,Mg_uM,Na_uM,K_uM,SO4_uM,Cl_uM",1571.1349423512052,1601.4546237183831,1683.7241059398996
6,"DIC_mM,Ca_uM,Mg_uM,Na_uM,K_uM,SO4_uM",1538.7517402697842,1569.0714216369622,1649.3403530902117
6,"DIC_mM,Ca_uM,Mg_uM,Na_uM,K_uM,Cl_uM",1641.7478509113776,1672.0675322785555,1753.025926210198
6,"DIC_mM,Ca_uM,Mg_uM,Na_uM,SO4_uM,Cl_uM",1496.1875704823826,1526.5072518495606,1604.245132597934
6,"DIC_mM,Ca_uM,Mg_uM,K_uM,SO4_uM,Cl_uM",1492.906139686096,1523.2258210532739,1605.0594080711624
6,"DIC_mM,Ca_uM,Na_uM,K_uM,SO4_uM,Cl_uM",1738.7227257594966,1769.0424071266746,1851.3051337159645
6,"DIC_mM,Mg_uM,Na_uM,K_uM,SO4_uM,Cl_uM",1681.731483562378,1712.0511649295559,1793.4465322524684
6,"Ca_uM,Mg_uM,Na_uM,K_uM,SO4_uM,Cl_uM",1419.2490462914873,1449.5687276586652,1531.8377075382978
7,"Temp_C,pH,DOC_M,DIC_mM,Ca_uM,Mg_uM,Na_uM",-2068.8608103876977,-2034.7511688496224,-1916.7422020897372
7,"Temp_C,pH,DOC_M,DIC_mM,Ca_uM,Mg_uM,K_uM",-1384.535089417613,-1350.4254478795378,-1232.4162109490385
7,"Temp_C,pH,DOC_M,DIC_mM,Ca_uM,Mg_uM,SO4_uM",-1647.7657971236147,-1613.6561555855394,-1495.6469145170736
7,"Temp_C,pH,DOC_M,DIC_mM,Ca_uM,Mg_uM,Cl_uM",-1109.5513164550885,-1075.4416749170132,-957.4324489434855
7,"Temp_C,pH,DOC_M,DIC_mM,Ca_uM,Na_uM,K_uM",-235.44279484000378,-201.33315330192852,-83.32391229909865
7,"Temp_C,pH,DOC_M,DIC_mM,Ca_uM,Na_uM,SO4_uM",-2099.192251311794,-2065.0826097737186,-1947.07336718571
7,"Temp_C,pH,DOC_M,DIC_mM,Ca_uM,Na_uM,Cl_uM",1028.0759747304287,1062.185616268504,1180.194859450325
7,"Temp_C,pH,DOC_M,DIC_mM,Ca_uM,K_uM,SO4_uM",-1534.4031809126375,-1500.2935393745622,-1382.284940264753
7,"Temp_C,pH,DOC_M,DIC_mM,Ca_uM,K_uM,Cl_uM",120.83112054927184,154.94076208734714,272.95000362011535
7,"Temp_C,pH,DOC_M,DIC_mM,Ca_uM,SO4_uM,Cl_uM",-3302.26923215592,-3268.1595906178445,-3150.150349925498
7,"Temp_C,pH,DOC_M,DIC_mM,Mg_uM,Na_uM,K_uM",-1769.733932942696,-1735.6242914046206,-1617.6153844408657
7,"Temp_C,pH,DOC_M,DIC_mM,Mg_uM,Na_uM,SO4_uM",-1735.6412124469584,-1701.5315709088832,-1583.5226157039745
7,"Temp_C,pH,DOC_M,DIC_mM,Mg_uM,Na_uM,Cl_uM",-980.1752155824275,-946.0655740443523,-828.0567145466423
7,"Temp_C,pH,DOC_M,DIC_mM,Mg_uM,K_uM,SO4_uM",-2507.6325779800136,-2473.5229364419383,-2355.6115888027593
7,"Temp_C,pH,DOC_M,DIC_mM,Mg_uM,K_uM,Cl_uM",-1077.9437828256491,-1043.8341412875739,-925.8253510215416
7,"Temp_C,pH,DOC_M,DIC_mM,Mg_uM,SO4_uM,Cl_uM",-1070.2730990515784,-1036.163457513503,-918.1542888829489
7,"Temp_C,pH,DOC_M,DIC_mM,Na_uM,K_uM,SO4_uM",-1897.6290638262176,-1863.5194222881423,-1747.3322903005082
7,"Temp_C,pH,DOC_M,DIC_mM,Na_uM,K_uM,Cl_uM",748.0967669201826,782.2064084582579,900.215651612509
7,"Temp_C,pH,DOC_M,DIC_mM,Na_uM,SO4_uM,Cl_uM",-276.132224422684,-242.0225828846087,-124.01334057343738
7,"Temp_C,pH,DOC_M,DIC_mM,K_uM,SO4_uM,Cl_uM",-1228.3726691814538,-1194.2630276433786,-1076.368734706657
7,"Temp_C,pH,DOC_M,Ca_uM,Mg_uM,Na_uM,K_uM",-2439.700343426145,-2405.59070188807,-2287.5814738192953
7,"Temp_C,pH,DOC_M,Ca_uM,Mg_uM,Na_uM,SO4_uM",-1368.7667688081808,-1334.6571272701055,-1216.6478847050562
7,"Temp_C,pH,DOC_M,Ca_uM,Mg_uM,Na_uM,Cl_uM",-826.5598657401588,-792.4502242020835,-674.4409824020843
7,"Temp_C,pH,DOC_M,Ca_uM,Mg_uM,K_uM,SO4_uM",-1600.8155444359236,-1566.7059028978483,-1448.6966662697882
7,"Temp_C,pH,DOC_M,Ca_uM,Mg_uM,K_uM,Cl_uM",-2236.6305319766416,-2202.5208904385663,-2084.511665278469
7,"Temp_C,pH,DOC_M,Ca_uM,Mg_uM,SO4_uM,Cl_uM",-1292.7773528876419,-1258.6677113495666,-1140.6584688083124
7,"Temp_C,pH,DOC_M,Ca_uM,Na_uM,K_uM,SO4_uM",-1728.018107102811,-1693.9084655647357,-1575.8992241109888
7,"Temp_C,pH,DOC_M,Ca_uM,Na_uM,K_uM,Cl_uM",458.3820058410814,492.4916473791567,610.50089059168
7,"Temp_C,pH,DOC_M,Ca_uM,Na_uM,SO4_uM,Cl_uM",-1044.4967964043885,-1010.3871548663133,-892.3779124166826
7,"Temp_C,pH,DOC_M,Ca_uM,K_uM,SO4_uM,Cl_uM",-1875.6579695404778,-1841.5483280024025,-1723.5390863438615
7,"Temp_C,pH,DOC_M,Mg_uM,Na_uM,K_uM,SO4_uM",-1564.3677421487498,-1530.2581006106745,-1412.2535357550785
7,"Temp_C,pH,DOC_M,Mg_uM,Na_uM,K_uM,Cl_uM",48.84492483654013,82.95456637461541,200.9638078999257
7,"Temp_C,pH,DOC_M,Mg_uM,Na_uM,SO4_uM,Cl_uM",-614.0099532250089,-579.9003116869336,-461.89106935978907
7,"Temp_C,pH,DOC_M,Mg_uM,K_uM,SO4_uM,Cl_uM",-812.3350083121888,-778.2253667741136,-660.2314760709593
7,"Temp_C,pH,DOC_M,Na_uM,K_uM,SO4_uM,Cl_uM",422.9034799517802,457.01312148985545,575.0223645153228
7,"Temp_C,pH,DIC_mM,Ca_uM,Mg_uM,Na_uM,K_uM",-2456.570543489843,-2422.460901951768,-2369.373382353766
7,"Temp_C,pH,DIC_mM,Ca_uM,Mg_uM,Na_uM,SO4_uM",-2069.699504694581,-2035.5898631565055,-1918.1303744435963
7,"Temp_C,pH,DIC_mM,Ca_uM,Mg_uM,Na_uM,Cl_uM",-1581.7651907200654,-1547.6555491819902,-1446.305555224364
7,"Temp_C,pH,DIC_mM,Ca_uM,Mg_uM,K_uM,SO4_uM",-1807.3607938895345,-1773.2511523514593,-1655.2434217323291
7,"Temp_C,pH,DIC_mM,Ca_uM,Mg_uM,K_uM,Cl_uM",-3308.140311424656,-3274.0306698865807,-3159.72066812312
7,"Temp_C,pH,DIC_mM,Ca_uM,Mg_uM,SO4_uM,Cl_uM",-2226.032361768678,-2191.922720230603,-2107.871232785611
7,"Temp_C,pH,DIC_mM,Ca_uM,Na_uM,K_uM,SO4_uM",-2076.8155808126617,-2042.7059392745864,-1924.6977006202756
7,"Temp_C,pH,DIC_mM,Ca_uM,Na_uM,K_uM,Cl_uM",-327.45791594340835,-293.3482744053331,-175.33916774556957
7,"Temp_C,pH,DIC_mM,Ca_uM,Na_uM,SO4_uM,Cl_uM",-2054.1122100752737,-2020.0025685371984,-1902.0005339681445
7,"Temp_C,pH,DIC_mM,Ca_uM,K_uM,SO4_uM,Cl_uM",-2405.3962786679135,-2371.2866371298383,-2253.2786909575852
7,"Temp_C,pH,DIC_mM,Mg_uM,Na_uM,K_uM,SO4_uM",-1091.0877416153623,-1056.978100077287,-939.0899037543335
7,"Temp_C,pH,DIC_mM,Mg_uM,Na_uM,K_uM,Cl_uM",-1253.0500176651835,-1218.9403761271083,-1114.4818906419403
7,"Temp_C,pH,DIC_mM,Mg_uM,Na_uM,SO4_uM,Cl_uM",-1362.6977276137907,-1328.5880860757154,-1241.7511102753674
7,"Temp_C,pH,DIC_mM,Mg_uM,K_uM,SO4_uM,Cl_uM",386.82170006988264,420.9313416079579,538.928586086948
7,"Temp_C,pH,DIC_mM,Na_uM,K_uM,SO4_uM,Cl_uM",-1110.7697515265054,-1076.6601099884301,-958.6516564327796
7,"Temp_C,pH,Ca_uM,Mg_uM,Na_uM,K_uM,SO4_uM",-2466.6706968930416,-2432.5610553549664,-2314.551940831884
7,"Temp_C,pH,Ca_uM,Mg_uM,Na_uM,K_uM,Cl_uM",-2486.1868991055576,-2452.0772575674823,-2334.069630353636
7,"Temp_C,pH,Ca_uM,Mg_uM,Na_uM,SO4_uM,Cl_uM",-1142.9145588746835,-1108.8049173366082,-990.7957186780264
7,"Temp_C,pH,Ca_uM,Mg_uM,K_uM,SO4_uM,Cl_uM",-3183.691436109246,-3149.5817945711706,-3031.572714669891
7,"Temp_C,pH,Ca_uM,Na_uM,K_uM,SO4_uM,Cl_uM",-3064.9720855117216,-3030.8624439736464,-2913.1267693753257
7,"Temp_C,pH,Mg_uM,Na_uM,K_uM,SO4_uM,Cl_uM",-1577.3256305725772,-1543.215989034502,-1425.2069878710352
7,"Temp_C,DOC_M,DIC_mM,Ca_uM,Mg_uM,Na_uM,K_uM",-1713.4992634271923,-1679.389621889117,-1561.38103577209
7,"Temp_C,DOC_M,DIC_mM,Ca_uM,Mg_uM,Na_uM,SO4_uM",-1312.2016197883424,-1278.0919782502672,-1160.082737748174
7,"Temp_C,DOC_M,DIC_mM,Ca_uM,Mg_uM,Na_uM,Cl_uM",-1157.5176743909199,-1123.4080328528446,-1005.4020833523306
7,"Temp_C,DOC_M,DIC_mM,Ca_uM,Mg_uM,K_uM,SO4_uM",-1664.3160845266734,-1630.2064429885982,-1512.1972000386484
7,"Temp_C,DOC_M,DIC_mM,Ca_uM,Mg_uM,K_uM,Cl_uM",-1126.8315181653343,-1092.721876627259,-974.7127964738931
7,"Temp_C,DOC_M,DIC_mM,Ca_uM,Mg_uM,SO4_uM,Cl_uM",-1399.8361366888792,-1365.7264951508039,-1247.7172523529275
7,"Temp_C,DOC_M,DIC_mM,Ca_uM,Na_uM,K_uM,SO4_uM",-2381.470217750745,-2347.36057621267,-2229.351333057034
7,"Temp_C,DOC_M,DIC_mM,Ca_uM,Na_uM,K_uM,Cl_uM",467.3251398121978,501.43478135027306,619.4440245551168
7,"Temp_C,DOC_M,DIC_mM,Ca_uM,Na_uM,SO4_uM,Cl_uM",-2329.2460294790235,-2295.136387940948,-2177.1271447624895
7,"Temp_C,DOC_M,DIC_mM,Ca_uM,K_uM,SO4_uM,Cl_uM",-2816.756262774178,-2782.646621236103,-2664.637378080691
7,"Temp_C,DOC_M,DIC_mM,Mg_uM,Na_uM,K_uM,SO4_uM",-1776.8984496567105,-1742.7888081186352,-1624.7796633523612
7,"Temp_C,DOC_M,DIC_mM,Mg_uM,Na_uM,K_uM,Cl_uM",-1402.3549756327534,-1368.2453340946781,-1250.2362814980424
7,"Temp_C,DOC_M,DIC_mM,Mg_uM,Na_uM,SO4_uM,Cl_uM",-1110.2685961056445,-1076.1589545675693,-958.154127120682
7,"Temp_C,DOC_M,DIC_mM,Mg_uM,K_uM,SO4_uM,Cl_uM",-1065.11124351191,-1031.0016019738348,-912.9924854846722
7,"Temp_C,DOC_M,DIC_mM,Na_uM,K_uM,SO4_uM,Cl_uM",-50.06946912751796,-15.959827589442682,102.04941563095664
7,"Temp_C,DOC_M,Ca_uM,Mg_uM,Na_uM,K_uM,SO4_uM",-1358.1368967677279,-1324.0272552296526,-1206.0180120354896
7,"Temp_C,DOC_M,Ca_uM,Mg_uM,Na_uM,K_uM,Cl_uM",500.7816622397752,534.8913037778505,652.9005469335066
7,"Temp_C,DOC_M,Ca_uM,Mg_uM,Na_uM,SO4_uM,Cl_uM",-1384.283268154828,-1350.1736266167527,-1232.1643834198628
7,"Temp_C,DOC_M,Ca_uM,Mg_uM,K_uM,SO4_uM,Cl_uM",-1183.889253730319,-1149.7796121922438,-1031.7703689782115
7,"Temp_C,DOC_M,Ca_uM,Na_uM,K_uM,SO4_uM,Cl_uM",507.368786898484,541.4784284365593,659.4875141837882
7,"Temp_C,DOC_M,Mg_uM,Na_uM,K_uM,SO4_uM,Cl_uM",823.5180116360449,857.6276531741202,975.6368963793575
7,"Temp_C,DIC_mM,Ca_uM,Mg_uM,Na_uM,K_uM,SO4_uM",-2013.6754020785272,-1979.565760540452,-1862.9984504836023
7,"Temp_C,DIC_mM,Ca_uM,Mg_uM,Na_uM,K_uM,Cl_uM",-1028.4558152362472,-994.3461736981719,-878.4918550206522
7,"Temp_C,DIC_mM,Ca_uM,Mg_uM,Na_uM,SO4_uM,Cl_uM",-2385.228129725715,-2351.1184881876397,-2234.0458968993375
7,"Temp_C,DIC_mM,Ca_uM,Mg_uM,K_uM,SO4_uM,Cl_uM",-2175.2988960623657,-2141.1892545242904,-2023.4505049541403
7,"Temp_C,DIC_mM,Ca_uM,Na_uM,K_uM,SO4_uM,Cl_uM",-1736.8493056467673,-1702.739664108692,-1584.744114963964
7,"Temp_C,DIC_mM,Mg_uM,Na_uM,K_uM,SO4_uM,Cl_uM",-1205.8441348735157,-1171.7344933354404,-1054.5554807082137
7,"Temp_C,Ca_uM,Mg_uM,Na_uM,K_uM,SO4_uM,Cl_uM",-2062.2713111910907,-2028.1616696530155,-1910.1564597423358
7,"pH,DOC_M,DIC_mM,Ca_uM,Mg_uM,Na_uM,K_uM",-1906.2351958159647,-1872.1255542778895,-1754.1164053954517
7,"pH,DOC_M,DIC_mM,Ca_uM,Mg_uM,Na_uM,SO4_uM",-2610.8959298947707,-2576.7862883566954,-2458.7988861298427
7,"pH,DOC_M,DIC_mM,Ca_uM,Mg_uM,Na_uM,Cl_uM",-921.1452519683596,-887.0356104302844,-769.0263719262362
7,"pH,DOC_M,DIC_mM,Ca_uM,Mg_uM,K_uM,SO4_uM",-1579.9668287831712,-1545.857187245096,-1427.8479458722848
7,"pH,DOC_M,DIC_mM,Ca_uM,Mg_uM,K_uM,Cl_uM",-1086.996484217517,-1052.8868426794418,-934.8819686073396
7,"pH,DOC_M,DIC_mM,Ca_uM,Mg_uM,SO4_uM,Cl_uM",-1177.0097298798485,-1142.9000883417732,-1024.8908465358459
7,"pH,DOC_M,DIC_mM,Ca_uM,Na_uM,K_uM,SO4_uM",-1785.8610754151844,-1751.751433877109,-1633.7421912382313
7,"pH,DOC_M,DIC_mM,Ca_uM,Na_uM,K_uM,Cl_uM",942.5595181339365,976.6691596720118,1094.6784029036473
7,"pH,DOC_M,DIC_mM,Ca_uM,Na_uM,SO4_uM,Cl_uM",-390.849722254659,-356.74008071658375,-238.7308393409293
7,"pH,DOC_M,DIC_mM,Ca_uM,K_uM,SO4_uM,Cl_uM",-2078.3083504270303,-2044.198708888955,-1926.1894665120271
7,"pH,DOC_M,DIC_mM,Mg_uM,Na_uM,K_uM,SO4_uM",-1758.4411641381307,-1724.3315226000555,-1606.322693232745
7,"pH,DOC_M,DIC_mM,Mg_uM,Na_uM,K_uM,Cl_uM",-1023.1034387851707,-988.9937972470955,-870.9846152505304
7,"pH,DOC_M,DIC_mM,Mg_uM,Na_uM,SO4_uM,Cl_uM",-957.964802271243,-923.8551607331677,-805.8459405728884
7,"pH,DOC_M,DIC_mM,Mg_uM,K_uM,SO4_uM,Cl_uM",-1076.3930860265514,-1042.283444488476,-924.2746840888296
7,"pH,DOC_M,DIC_mM,Na_uM,K_uM,SO4_uM,Cl_uM",118.48066318503744,152.59030472311272,270.59954762257496
7,"pH,DOC_M,Ca_uM,Mg_uM,Na_uM,K_uM,SO4_uM",-1685.6444164252641,-1651.5347748871889,-1533.5255331047517
7,"pH,DOC_M,Ca_uM,Mg_uM,Na_uM,K_uM,Cl_uM",-516.9423371490506,-482.8326956109753,-364.82345368324326
7,"pH,DOC_M,Ca_uM,Mg_uM,Na_uM,SO4_uM,Cl_uM",-949.7946160201743,-915.684974482099,-797.6757327634618
7,"pH,DOC_M,Ca_uM,Mg_uM,K_uM,SO4_uM,Cl_uM",-1753.9581899404518,-1719.8485484023765,-1601.8393068291866
7,"pH,DOC_M,Ca_uM,Na_uM,K_uM,SO4_uM,Cl_uM",-1471.668403544021,-1437.5587620059457,-1319.5495895407912
7,"pH,DOC_M,Mg_uM,Na_uM,K_uM,SO4_uM,Cl_uM",-220.39346158176485,-186.28382004368956,-68.27457807180116
7,"pH,DIC_mM,Ca_uM,Mg_uM,Na_uM,K_uM,SO4_uM",-2158.2000329979064,-2124.090391459831,-2006.539943367534
7,"pH,DIC_mM,Ca_uM,Mg_uM,Na_uM,K_uM,Cl_uM",-1435.2063708759101,-1401.0967293378349,-1283.6300832823242
7,"pH,DIC_mM,Ca_uM,Mg_uM,Na_uM,SO4_uM,Cl_uM",-1733.3010711738677,-1699.1914296357925,-1581.7723164782474
7,"pH,DIC_mM,Ca_uM,Mg_uM,K_uM,SO4_uM,Cl_uM",-2488.9913092280126,-2454.8816676899373,-2337.5456628293005
7,"pH,DIC_mM,Ca_uM,Na_uM,K_uM,SO4_uM,Cl_uM",-2772.0792735930618,-2737.9696320549865,-2623.0370863905996
7,"pH,DIC_mM,Mg_uM,Na_uM,K_uM,SO4_uM,Cl_uM",-1289.8025464028813,-1255.692904864806,-1138.2663122314511
7,"pH,Ca_uM,Mg_uM,Na_uM,K_uM,SO4_uM,Cl_uM",-2465.0309946984844,-2430.921353160409,-2319.922882895279
7,"DOC_M,DIC_mM,Ca_uM,Mg_uM,Na_uM,K_uM,SO4_uM",-1289.9077177958363,-1255.798076257761,-1137.788833790431
7,"DOC_M,DIC_mM,Ca_uM,Mg_uM,Na_uM,K_uM,Cl_uM",-1233.2844330502155,-1199.1747915121402,-1081.1655767434574
7,"DOC_M,DIC_mM,Ca_uM,Mg_uM,Na_uM,SO4_uM,Cl_uM",-1224.159240134917,-1190.0495985968416,-1072.0403569638727
7,"DOC_M,DIC_mM,Ca_uM,Mg_uM,K_uM,SO4_uM,Cl_uM",-1221.7615662301505,-1187.6519246920752,-1069.6426917709384
7,"DOC_M,DIC_mM,Ca_uM,Na_uM,K_uM,SO4_uM,Cl_uM",-1163.2095593502022,-1129.099917812127,-1011.0907093289833
7,"DOC_M,DIC_mM,Mg_uM,Na_uM,K_uM,SO4_uM,Cl_uM",-1236.9262548606348,-1202.8166133225595,-1084.8073845096962
7,"DOC_M,Ca_uM,Mg_uM,Na_uM,K_uM,SO4_uM,Cl_uM",-1105.868136441324,-1071.7584949032487,-953.7492889516191
7,"DIC_mM,Ca_uM,Mg_uM,Na_uM,K_uM,SO4_uM,Cl_uM",-1020.4155353965182,-986.3058938584429,-869.110339850107
8,"Temp_C,pH,DOC_M,DIC_mM,Ca_uM,Mg_uM,Na_uM,K_uM",-4326.711171696616,-4288.811569987643,-4129.272647761116
8,"Temp_C,pH,DOC_M,DIC_mM,Ca_uM,Mg_uM,Na_uM,SO4_uM",-5060.843601170436,-5022.943999461464,-4863.405035356418
8,"Temp_C,pH,DOC_M,DIC_mM,Ca_uM,Mg_uM,Na_uM,Cl_uM",-4583.287542610816,-4545.387940901844,-4385.849350260768
8,"Temp_C,pH,DOC_M,DIC_mM,Ca_uM,Mg_uM,K_uM,SO4_uM",-2788.761634948036,-2750.8620332390633,-2591.323069336972
8,"Temp_C,pH,DOC_M,DIC_mM,Ca_uM,Mg_uM,K_uM,Cl_uM",-4093.132397062004,-4055.2327953530316,-3895.69395170345
8,"Temp_C,pH,DOC_M,DIC_mM,Ca_uM,Mg_uM,SO4_uM,Cl_uM",-4133.246326354753,-4095.346724645781,-3935.80778046119
8,"Temp_C,pH,DOC_M,DIC_mM,Ca_uM,Na_uM,K_uM,SO4_uM",-3961.6876067536277,-3923.788005044655,-3764.249046513914
8,"Temp_C,pH,DOC_M,DIC_mM,Ca_uM,Na_uM,K_uM,Cl_uM",-3131.6306123012223,-3093.7310105922497,-2934.1922959590065
8,"Temp_C,pH,DOC_M,DIC_mM,Ca_uM,Na_uM,SO4_uM,Cl_uM",-4166.886575624033,-4128.986973915061,-3969.4480384426106
8,"Temp_C,pH,DOC_M,DIC_mM,Ca_uM,K_uM,SO4_uM,Cl_uM",-4187.326070288726,-4149.426468579754,-3989.887561029502
8,"Temp_C,pH,DOC_M,DIC_mM,Mg_uM,Na_uM,K_uM,SO4_uM",-2564.1838373219175,-2526.284235612945,-2366.7452929159226
8,"Temp_C,pH,DOC_M,DIC_mM,Mg_uM,Na_uM,K_uM,Cl_uM",-4914.848404860287,-4876.948803151315,-4717.41064899493
8,"Temp_C,pH,DOC_M,DIC_mM,Mg_uM,Na_uM,SO4_uM,Cl_uM",-4000.718992381136,-3962.8193906721635,-3803.2805707320113
8,"Temp_C,pH,DOC_M,DIC_mM,Mg_uM,K_uM,SO4_uM,Cl_uM",-2645.87537743356,-2607.9757757245875,-2448.5068917565955
8,"Temp_C,pH,DOC_M,DIC_mM,Na_uM,K_uM,SO4_uM,Cl_uM",-3730.380776649082,-3692.481174940109,-3532.9463944036925
8,"Temp_C,pH,DOC_M,Ca_uM,Mg_uM,Na_uM,K_uM,SO4_uM",-3797.325782099471,-3759.4261803904983,-3599.8872244943923
8,"Temp_C,pH,DOC_M,Ca_uM,Mg_uM,Na_uM,K_uM,Cl_uM",-4190.908092642756,-4153.008490933784,-3993.472978808079
8,"Temp_C,pH,DOC_M,Ca_uM,Mg_uM,Na_uM,SO4_uM,Cl_uM",-3125.9420828487896,-3088.042481139817,-2928.5039807341655
8,"Temp_C,pH,DOC_M,Ca_uM,Mg_uM,K_uM,SO4_uM,Cl_uM",-4780.430805321681,-4742.531203612709,-4582.99230701026
8,"Temp_C,pH,DOC_M,Ca_uM,Na_uM,K_uM,SO4_uM,Cl_uM",-4540.473153048907,-4502.573551339935,-4343.034755040626
8,"Temp_C,pH,DOC_M,Mg_uM,Na_uM,K_uM,SO4_uM,Cl_uM",-3182.6457654892697,-3144.746163780297,-2985.2172235014823
8,"Temp_C,pH,DIC_mM,Ca_uM,Mg_uM,Na_uM,K_uM,SO4_uM",-3387.0058282325813,-3349.1062265236087,-3189.5671942660697
8,"Temp_C,pH,DIC_mM,Ca_uM,Mg_uM,Na_uM,K_uM,Cl_uM",-4126.7252670107755,-4088.825665301803,-3929.423724204974
8,"Temp_C,pH,DIC_mM,Ca_uM,Mg_uM,Na_uM,SO4_uM,Cl_uM",-3582.362782622422,-3544.4631809134494,-3384.924767102574
8,"Temp_C,pH,DIC_mM,Ca_uM,Mg_uM,K_uM,SO4_uM,Cl_uM",-4383.219600996666,-4345.3199992876935,-4185.781148467891
8,"Temp_C,pH,DIC_mM,Ca_uM,Na_uM,K_uM,SO4_uM,Cl_uM",-4474.5767543433985,-4436.677152634426,-4277.173420436838
8,"Temp_C,pH,DIC_mM,Mg_uM,Na_uM,K_uM,SO4_uM,Cl_uM",-2659.0957318783203,-2621.1961301693477,-2461.657002452262
8,"Temp_C,pH,Ca_uM,Mg_uM,Na_uM,K_uM,SO4_uM,Cl_uM",-5586.157461663576,-5548.257859954604,-5388.7192153967535
8,"Temp_C,DOC_M,DIC_mM,Ca_uM,Mg_uM,Na_uM,K_uM,SO4_uM",-4362.83704944375,-4324.937447734778,-4165.398483679768
8,"Temp_C,DOC_M,DIC_mM,Ca_uM,Mg_uM,Na_uM,K_uM,Cl_uM",-5192.274071629141,-5154.374469920169,-4994.835547160646
8,"Temp_C,DOC_M,DIC_mM,Ca_uM,Mg_uM,Na_uM,SO4_uM,Cl_uM",-3994.0813425224096,-3956.181740813437,-3796.6427778545785
8,"Temp_C,DOC_M,DIC_mM,Ca_uM,Mg_uM,K_uM,SO4_uM,Cl_uM",-4068.5669534662657,-4030.667351757293,-3871.1283884216173
8,"Temp_C,DOC_M,DIC_mM,Ca_uM,Na_uM,K_uM,SO4_uM,Cl_uM",-4124.196526832528,-4086.296925123556,-3926.758085209874
8,"Temp_C,DOC_M,DIC_mM,Mg_uM,Na_uM,K_uM,SO4_uM,Cl_uM",-7383.576991118646,-7345.677389409674,-7186.13843294801
8,"Temp_C,DOC_M,Ca_uM,Mg_uM,Na_uM,K_uM,SO4_uM,Cl_uM",-3640.4468281246445,-3602.547226415672,-3443.0084228850264
8,"Temp_C,DIC_mM,Ca_uM,Mg_uM,Na_uM,K_uM,SO4_uM,Cl_uM",-3789.4027291324433,-3751.5031274234707,-3592.6223983260466
8,"pH,DOC_M,DIC_mM,Ca_uM,Mg_uM,Na_uM,K_uM,SO4_uM",-5649.667541495088,-5611.767939786116,-5452.229014161039
8,"pH,DOC_M,DIC_mM,Ca_uM,Mg_uM,Na_uM,K_uM,Cl_uM",-4708.589921400083,-4670.690319691111,-4511.151942485853
8,"pH,DOC_M,DIC_mM,Ca_uM,Mg_uM,Na_uM,SO4_uM,Cl_uM",-6109.2505524486,-6071.3509507396275,-5911.812953590278
8,"pH,DOC_M,DIC_mM,Ca_uM,Mg_uM,K_uM,SO4_uM,Cl_uM",-4574.898378591646,-4536.998776882674,-4377.460239989668
8,"pH,DOC_M,DIC_mM,Ca_uM,Na_uM,K_uM,SO4_uM,Cl_uM",-4361.177888256402,-4323.27828654743,-4163.739527083181
8,"pH,DOC_M,DIC_mM,Mg_uM,Na_uM,K_uM,SO4_uM,Cl_uM",-4459.049842583271,-4421.150240874299,-4261.611758458365
8,"pH,DOC_M,Ca_uM,Mg_uM,Na_uM,K_uM,SO4_uM,Cl_uM",-4091.9323755624246,-4054.032773853452,-3894.494018179922
8,"pH,DIC_mM,Ca_uM,Mg_uM,Na_uM,K_uM,SO4_uM,Cl_uM",-4221.307809749864,-4183.408208040892,-4040.1591065953935
8,"DOC_M,DIC_mM,Ca_uM,Mg_uM,Na_uM,K_uM,SO4_uM,Cl_uM",-2625.528846303902,-2587.6292445949293,-2428.090280188601
9,"Temp_C,pH,DOC_M,DIC_mM,Ca_uM,Mg_uM,Na_uM,K_uM,SO4_uM",-18595.64059760299,-18553.95103572312,-10587.740805216194
9,"Temp_C,pH,DOC_M,DIC_mM,Ca_uM,Mg_uM,Na_uM,K_uM,Cl_uM",-16943.219418148743,-16901.529856268873,-10587.74065481429
9,"Temp_C,pH,DOC_M,DIC_mM,Ca_uM,Mg_uM,Na_uM,SO4_uM,Cl_uM",-18649.773118865807,-18608.083556985937,-10587.740649858955
9,"Temp_C,pH,DOC_M,DIC_mM,Ca_uM,Mg_uM,K_uM,SO4_uM,Cl_uM",-17445.768183270306,-17404.078621390436,-10587.740653562354
9,"Temp_C,pH,DOC_M,DIC_mM,Ca_uM,Na_uM,K_uM,SO4_uM,Cl_uM",-16784.63069574194,-16742.94113386207,-10587.740650949101
9,"Temp_C,pH,DOC_M,DIC_mM,Mg_uM,Na_uM,K_uM,SO4_uM,Cl_uM",-17327.498117504256,-17285.808555624386,-10587.74065062702
9,"Temp_C,pH,DOC_M,Ca_uM,Mg_uM,Na_uM,K_uM,SO4_uM,Cl_uM",-17275.299802170295,-17233.610240290425,-10587.740649694575
9,"Temp_C,pH,DIC_mM,Ca_uM,Mg_uM,Na_uM,K_uM,SO4_uM,Cl_uM",-17254.600518889074,-17212.910957009204,-10587.740704966658
9,"Temp_C,DOC_M,DIC_mM,Ca_uM,Mg_uM,Na_uM,K_uM,SO4_uM,Cl_uM",-17326.746554329526,-17285.056992449656,-10587.740649834986
9,"pH,DOC_M,DIC_mM,Ca_uM,Mg_uM,Na_uM,K_uM,SO4_uM,Cl_uM",-18805.99034226889,-18764.30078038902,-10587.740649819125
10,"Temp_C,pH,DOC_M,DIC_mM,Ca_uM,Mg_uM,Na_uM,K_uM,SO4_uM,Cl_uM",-18595.64059760299,-18553.95103572312,-10586.740805216194
